{
"scenario_name": "Two Streams",
"benchmark_name": "Multi-kernel submission",
"label": "K3 and K4",
"max_resident_threads": 163840,
"data_size": 0,
"release_time": 0.000000,
"PID": 2153,
"TID": 2230,
"times": [{},
{"copy_in_times": [0.767578377,0.767579997], "execute_times": [0.767581417,2.967804612], "copy_out_times": [2.967805410,2.967847648], "cpu_times": [0.767578377,2.967847648]},
{"kernel_name": "K3", "block_count": 8, "thread_count": 1, "shared_memory": 0, "cuda_launch_times": [0.967739328, 0.967811739, 0.000000000], "block_times": [0.967830097,1.967838378,0.967830065,1.967838314,0.967830097,1.967838378,0.967830097,1.967838410,0.967830065,1.967838314,0.967830065,1.967838346,0.967830097,1.967838378,0.967830065,1.967838314], "block_smids": [16,18,20,22,24,26,28,30], "cpu_core": 2},
{"kernel_name": "K4", "block_count": 8, "thread_count": 1, "shared_memory": 0, "cuda_launch_times": [0.967813501, 0.967829844, 0.000000000], "block_times": [1.967839914,2.967848163,1.967839914,2.967848195,1.967839914,2.967848195,1.967839914,2.967848195,1.967839882,2.967848163,1.967839914,2.967848195,1.967839914,2.967848163,1.967839914,2.967848195], "block_smids": [16,18,20,22,24,26,28,30], "cpu_core": 2}
]}