{
"scenario_name": "Two Streams",
"benchmark_name": "Multi-kernel submission",
"label": "K1 through K2",
"max_resident_threads": 163840,
"data_size": 0,
"release_time": 0.000000,
"PID": 2153,
"TID": 2229,
"times": [{},
{"copy_in_times": [0.767577232,0.767578033], "execute_times": [0.767578699,2.767635801], "copy_out_times": [2.767638981,2.767728979], "cpu_times": [0.767577232,2.767728979]},
{"kernel_name": "K1", "block_count": 8, "thread_count": 1, "shared_memory": 0, "cuda_launch_times": [0.767579674, 0.767617969, 0.000000000], "block_times": [0.767635108,1.767643357,0.767635076,1.767643325,0.767635108,1.767643357,0.767635108,1.767643389,0.767635108,1.767643389,0.767635108,1.767643389,0.767635108,1.767643389,0.767635076,1.767643325], "block_smids": [0,2,4,6,8,10,12,14], "cpu_core": 1},
{"kernel_name": "K2", "block_count": 8, "thread_count": 1, "shared_memory": 0, "cuda_launch_times": [0.767618761, 0.767626975, 0.000000000], "block_times": [1.767645789,2.767654070,1.767645757,2.767654038,1.767645789,2.767654038,1.767645757,2.767654006,1.767645757,2.767654006,1.767645757,2.767654006,1.767645789,2.767654070,1.767645757,2.767654038], "block_smids": [0,2,4,6,8,10,12,14], "cpu_core": 1}
]}