{
"scenario_name": "Three Streams 3",
"benchmark_name": "Multi-kernel submission",
"label": "K2",
"max_resident_threads": 163840,
"data_size": 0,
"release_time": 0.000000,
"PID": 23338,
"TID": 23506,
"times": [{},
{"copy_in_times": [4.887892137,4.887893682], "execute_times": [4.887895113,5.887962000], "copy_out_times": [5.887962574,5.887990011], "cpu_times": [4.887892137,5.887990011]},
{"kernel_name": "K2", "block_count": 80, "thread_count": 512, "shared_memory": 0, "cuda_launch_times": [4.887896929, 4.887968083, 0.000000000], "block_times": [4.887941627,5.887939814,4.887941627,5.887939814,4.887941659,5.887939814,4.887941627,5.887939814,4.887941659,5.887939750,4.887941627,5.887939654,4.887941627,5.887939814,4.887941627,5.887939750,4.887941691,5.887939878,4.887941659,5.887939910,4.887941659,5.887939718,4.887941659,5.887939750,4.887941659,5.887939910,4.887941627,5.887939814,4.887941691,5.887939910,4.887941659,5.887939814,4.887941659,5.887939686,4.887941659,5.887939718,4.887941627,5.887939814,4.887941627,5.887939814,4.887941659,5.887939846,4.887941691,5.887939910,4.887941691,5.887939750,4.887941659,5.887939718,4.887941659,5.887939846,4.887941659,5.887939910,4.887941691,5.887939942,4.887941659,5.887939878,4.887941691,5.887939750,4.887941691,5.887939718,4.887941659,5.887939846,4.887941659,5.887939878,4.887941691,5.887939910,4.887941691,5.887939910,4.887941691,5.887939942,4.887941691,5.887939942,4.887941691,5.887939910,4.887941691,5.887939750,4.887941691,5.887939942,4.887941659,5.887939718,4.887941659,5.887939878,4.887941659,5.887939782,4.887941691,5.887939910,4.887941691,5.887939878,4.887941691,5.887939718,4.887941691,5.887939718,4.887941659,5.887939814,4.887941659,5.887939846,4.887941691,5.887939814,4.887941659,5.887939878,4.887941691,5.887939718,4.887941691,5.887939718,4.887941691,5.887939878,4.887941691,5.887939846,4.887941723,5.887939846,4.887941691,5.887939878,4.887941691,5.887939750,4.887941691,5.887939750,4.887941691,5.887939910,4.887941659,5.887939814,4.887941691,5.887939942,4.887941691,5.887939942,4.887941691,5.887939750,4.887941691,5.887939686,4.887941691,5.887939814,4.887941691,5.887939878,4.887941755,5.887939974,4.887941691,5.887939814,4.887941723,5.887939750,4.887941691,5.887939750,4.887941691,5.887939814,4.887941691,5.887939878,4.887941723,5.887939942,4.887941723,5.887939942,4.887941723,5.887939942,4.887941691,5.887939878,4.887941723,5.887939878,4.887941723,5.887939750,4.887941723,5.887939942,4.887941723,5.887939750], "block_smids": [0,2,4,6,8,10,12,14,16,18,20,22,24,26,28,30,32,34,36,38,40,42,44,46,48,50,52,54,56,58,60,62,64,66,68,70,72,74,76,78,1,3,5,7,9,11,13,15,17,19,21,23,25,27,29,31,33,35,37,39,41,43,45,47,49,51,53,55,57,59,61,63,65,67,69,71,73,75,77,79], "cpu_core": 2}
]}