{
"scenario_name": "Three Streams 3",
"benchmark_name": "Multi-kernel submission",
"label": "K1",
"max_resident_threads": 163840,
"data_size": 0,
"release_time": 0.000000,
"PID": 23338,
"TID": 23505,
"times": [{},
{"copy_in_times": [4.887890563,4.887891152], "execute_times": [4.887891661,5.888013975], "copy_out_times": [5.888014605,5.888043065], "cpu_times": [4.887890563,5.888043065]},
{"kernel_name": "K1", "block_count": 80, "thread_count": 1024, "shared_memory": 0, "cuda_launch_times": [4.887892296, 4.887916334, 0.000000000], "block_times": [4.887897179,5.887895398,4.887897179,5.887895270,4.887897179,5.887895558,4.887897179,5.887895462,4.887897179,5.887913062,4.887897179,5.887901350,4.887897179,5.887895654,4.887897211,5.887895270,4.887897211,5.887895558,4.887897211,5.887895718,4.887897211,5.887913062,4.887897211,5.887901286,4.887897211,5.887895622,4.887897211,5.887895270,4.887897211,5.887895718,4.887897211,5.887895750,4.887897211,5.887912902,4.887897211,5.887901350,4.887897179,5.887895494,4.887897179,5.887895270,4.887897179,5.887895494,4.887897211,5.887895686,4.887897211,5.887913062,4.887897211,5.887901414,4.887897211,5.887895494,4.887897211,5.887895302,4.887897211,5.887895750,4.887897243,5.887895654,4.887897211,5.887912998,4.887897211,5.887901190,4.887897211,5.887895686,4.887897179,5.887895238,4.887897243,5.887895526,4.887897179,5.887895622,4.887897179,5.887895526,4.887897211,5.887895302,4.887897179,5.887895590,4.887897243,5.887913062,4.887897211,5.887895590,4.887897243,5.887901222,4.887897211,5.887895686,4.887897179,5.887895238,4.887897243,5.887895686,4.887897211,5.887895622,4.887897211,5.887913062,4.887897211,5.887901286,4.887897243,5.887895686,4.887897211,5.887895270,4.887897243,5.887895654,4.887897243,5.887895654,4.887897243,5.887913030,4.887897243,5.887901318,4.887897243,5.887895654,4.887897243,5.887895302,4.887897243,5.887895654,4.887897243,5.887895718,4.887897243,5.887913158,4.887897243,5.887901254,4.887897211,5.887895718,4.887897179,5.887895238,4.887897211,5.887895526,4.887897211,5.887895686,4.887897211,5.887913062,4.887897211,5.887901190,4.887897211,5.887895686,4.887897211,5.887895302,4.887897211,5.887895622,4.887897211,5.887895750,4.887897211,5.887912934,4.887897211,5.887901414,4.887897211,5.887895526,4.887897243,5.887895334,4.887897211,5.887895654,4.887897243,5.887895750,4.887897211,5.887895686,4.887897211,5.887895270,4.887897211,5.887895590,4.887897211,5.887912966,4.887897211,5.887895718,4.887897211,5.887901350], "block_smids": [0,2,4,6,8,10,12,14,16,18,20,22,24,26,28,30,32,34,36,38,40,42,44,46,48,50,52,54,56,58,60,62,64,66,68,70,72,74,76,78,1,3,5,7,9,11,13,15,17,19,21,23,25,27,29,31,33,35,37,39,41,43,45,47,49,51,53,55,57,59,61,63,65,67,69,71,73,75,77,79], "cpu_core": 1}
]}