{
"scenario_name": "Three Streams 3",
"benchmark_name": "Multi-kernel submission",
"label": "K3",
"max_resident_threads": 163840,
"data_size": 0,
"release_time": 0.000000,
"PID": 23338,
"TID": 23507,
"times": [{},
{"copy_in_times": [4.887891762,4.887893265], "execute_times": [4.887894670,5.888016140], "copy_out_times": [5.888016704,5.888057046], "cpu_times": [4.887891762,5.888057046]},
{"kernel_name": "K3", "block_count": 80, "thread_count": 512, "shared_memory": 0, "cuda_launch_times": [4.887896357, 4.888019227, 0.000000000], "block_times": [4.887996539,5.887994598,4.887996507,5.887994566,4.887996539,5.887994566,4.887996539,5.887994566,4.887996539,5.887994598,4.887996507,5.887994566,4.887996539,5.887994566,4.887996507,5.887994534,4.887996571,5.887994598,4.887996539,5.887994566,4.887996539,5.887994566,4.887996507,5.887994534,4.887996539,5.887994534,4.887996539,5.887994598,4.887996603,5.887994630,4.887996539,5.887994566,4.887996571,5.887994566,4.887996539,5.887994566,4.887996507,5.887994502,4.887996507,5.887994534,4.887996571,5.887994598,4.887996507,5.887994534,4.887996571,5.887994630,4.887996539,5.887994566,4.887996539,5.887994566,4.887996507,5.887994534,4.887996571,5.887994598,4.887996539,5.887994534,4.887996571,5.887994630,4.887996539,5.887994566,4.887996539,5.887994598,4.887996571,5.887994598,4.887996571,5.887994630,4.887996571,5.887994630,4.887996571,5.887994598,4.887996571,5.887994598,4.887996571,5.887994598,4.887996571,5.887994630,4.887996571,5.887994630,4.887996571,5.887994566,4.887996571,5.887994630,4.887996571,5.887994566,4.887996571,5.887994598,4.887996571,5.887994598,4.887996571,5.887994630,4.887996571,5.887994630,4.887996571,5.887994598,4.887996571,5.887994598,4.887996603,5.887994630,4.887996571,5.887994598,4.887996571,5.887994630,4.887996571,5.887994598,4.887996603,5.887994662,4.887996571,5.887994630,4.887996603,5.887994630,4.887996571,5.887994598,4.887996571,5.887994630,4.887996571,5.887994630,4.887996571,5.887994630,4.887996571,5.887994598,4.887996603,5.887994630,4.887996571,5.887994566,4.887996571,5.887994630,4.887996539,5.887994566,4.887996571,5.887994598,4.887996571,5.887994598,4.887996635,5.887994694,4.887996571,5.887994630,4.887996571,5.887994630,4.887996571,5.887994598,4.887996603,5.887994630,4.887996571,5.887994598,4.887996635,5.887994630,4.887996603,5.887994630,4.887996603,5.887994630,4.887996603,5.887994630,4.887996635,5.887994662,4.887996603,5.887994630,4.887996603,5.887994662,4.887996571,5.887994630], "block_smids": [0,2,4,6,8,10,12,14,16,18,20,22,24,26,28,30,32,34,36,38,40,42,44,46,48,50,52,54,56,58,60,62,64,66,68,70,72,74,76,78,1,3,5,7,9,11,13,15,17,19,21,23,25,27,29,31,33,35,37,39,41,43,45,47,49,51,53,55,57,59,61,63,65,67,69,71,73,75,77,79], "cpu_core": 3}
]}