{
"scenario_name": "Single Stream",
"benchmark_name": "Multi-kernel submission",
"label": "K1 through K2",
"max_resident_threads": 163840,
"data_size": 0,
"release_time": 0.000000,
"PID": 1772,
"TID": 1817,
"times": [{},
{"copy_in_times": [0.752487067,0.752488238], "execute_times": [0.752488901,2.752524592], "copy_out_times": [2.752540464,2.752625174], "cpu_times": [0.752487067,2.752625174]},
{"kernel_name": "K1", "block_count": 32, "thread_count": 1, "shared_memory": 0, "cuda_launch_times": [0.752489690, 0.752518030, 0.000000000], "block_times": [0.752531170,1.752535106,0.752531170,1.752535074,0.752531138,1.752535074,0.752531170,1.752535074,0.752531138,1.752535106,0.752531170,1.752535074,0.752531170,1.752535138,0.752531170,1.752535074,0.752531138,1.752535042,0.752531170,1.752535106,0.752531138,1.752535074,0.752531170,1.752535074,0.752531170,1.752535074,0.752531170,1.752535074,0.752531138,1.752535074,0.752531170,1.752535074,0.752531138,1.752535074,0.752531170,1.752535106,0.752531170,1.752535106,0.752531170,1.752535074,0.752531138,1.752535042,0.752531170,1.752535106,0.752531138,1.752535042,0.752531170,1.752535106,0.752531170,1.752535074,0.752531170,1.752535106,0.752531138,1.752535074,0.752531170,1.752535106,0.752531138,1.752535042,0.752531170,1.752535138,0.752531170,1.752535074,0.752531170,1.752535074], "block_smids": [0,2,4,6,8,10,12,14,16,18,20,22,24,26,28,30,32,34,36,38,40,42,44,46,48,50,52,54,56,58,60,62], "cpu_core": 1},
{"kernel_name": "K2", "block_count": 32, "thread_count": 1, "shared_memory": 0, "cuda_launch_times": [0.752518766, 0.752525804, 0.000000000], "block_times": [1.752536834,2.752540770,1.752536802,2.752540738,1.752536834,2.752540802,1.752536834,2.752540770,1.752536802,2.752540706,1.752536834,2.752540770,1.752536834,2.752540770,1.752536802,2.752540738,1.752536834,2.752540802,1.752536834,2.752540802,1.752536834,2.752540770,1.752536834,2.752540770,1.752536866,2.752540802,1.752536802,2.752540738,1.752536834,2.752540770,1.752536834,2.752540770,1.752536834,2.752540738,1.752536834,2.752540770,1.752536834,2.752540770,1.752536802,2.752540738,1.752536834,2.752540738,1.752536834,2.752540770,1.752536802,2.752540706,1.752536834,2.752540738,1.752536866,2.752540802,1.752536802,2.752540738,1.752536834,2.752540802,1.752536834,2.752540770,1.752536834,2.752540770,1.752536834,2.752540770,1.752536866,2.752540770,1.752536802,2.752540738], "block_smids": [0,2,4,6,8,10,12,14,16,18,20,22,24,26,28,30,32,34,36,38,40,42,44,46,48,50,52,54,56,58,60,62], "cpu_core": 1}
]}