{
"scenario_name": "B16",
"benchmark_name": "Multi-kernel submission",
"label": "K1",
"max_resident_threads": 163840,
"data_size": 0,
"release_time": 0.000000,
"PID": 3726,
"TID": 3769,
"times": [{},
{"copy_in_times": [0.781913089,0.781913980], "execute_times": [0.781914640,1.781965321], "copy_out_times": [1.781972052,1.782045352], "cpu_times": [0.781913089,1.782045352]},
{"kernel_name": "K1", "block_count": 16, "thread_count": 1, "shared_memory": 0, "cuda_launch_times": [0.781915815, 0.781948904, 0.000000000], "block_times": [0.781977874,1.782000877,0.781977842,1.782000845,0.781977842,1.782000845,0.781977842,1.782000813,0.781977842,1.782000845,0.781977842,1.782000845,0.781977874,1.782000909,0.781977842,1.782000877,0.781977842,1.782000813,0.781977842,1.782000813,0.781977842,1.782000845,0.781977842,1.782000813,0.781977874,1.782000909,0.781977842,1.782000845,0.781977842,1.782000813,0.781977842,1.782000813], "block_smids": [0,2,4,6,8,10,12,14,16,18,20,22,24,26,28,30], "cpu_core": 1}
]}