{
"scenario_name": "B256",
"benchmark_name": "Multi-kernel submission",
"label": "K1",
"max_resident_threads": 163840,
"data_size": 0,
"release_time": 0.000000,
"PID": 4023,
"TID": 4056,
"times": [{},
{"copy_in_times": [0.918791660,0.918792356], "execute_times": [0.918793016,1.918849278], "copy_out_times": [1.918861323,1.918937911], "cpu_times": [0.918791660,1.918937911]},
{"kernel_name": "K1", "block_count": 256, "thread_count": 1, "shared_memory": 0, "cuda_launch_times": [0.918793840, 0.918830392, 0.000000000], "block_times": [0.918845016,1.918848173,0.918844984,1.918848173,0.918845048,1.918848237,0.918845016,1.918848205,0.918844984,1.918848141,0.918844984,1.918848173,0.918845048,1.918848237,0.918845016,1.918848205,0.918845048,1.918848205,0.918845016,1.918848173,0.918845048,1.918848237,0.918845016,1.918848205,0.918845016,1.918848205,0.918845048,1.918848205,0.918845016,1.918848205,0.918845048,1.918848237,0.918844984,1.918848173,0.918844984,1.918848173,0.918844984,1.918848173,0.918845016,1.918848205,0.918844984,1.918848173,0.918845016,1.918848237,0.918845016,1.918848173,0.918845016,1.918848173,0.918845016,1.918848173,0.918845048,1.918848205,0.918845016,1.918848173,0.918845048,1.918848237,0.918845016,1.918848205,0.918845016,1.918848205,0.918845048,1.918848205,0.918844984,1.918848141,0.918845048,1.918848237,0.918845016,1.918848205,0.918844984,1.918848173,0.918845016,1.918848205,0.918845016,1.918848205,0.918845048,1.918848237,0.918845016,1.918848173,0.918845048,1.918848205,0.918844984,1.918848173,0.918844984,1.918848173,0.918844984,1.918848173,0.918844984,1.918848141,0.918844984,1.918848173,0.918844984,1.918848141,0.918844984,1.918848173,0.918845016,1.918848205,0.918844984,1.918848173,0.918845016,1.918848173,0.918844984,1.918848173,0.918844984,1.918848141,0.918845016,1.918848205,0.918845048,1.918848237,0.918845048,1.918848237,0.918845048,1.918848237,0.918845048,1.918848237,0.918845048,1.918848205,0.918845016,1.918848173,0.918844984,1.918848141,0.918845016,1.918848173,0.918845016,1.918848205,0.918845016,1.918848173,0.918845016,1.918848205,0.918845016,1.918848205,0.918845016,1.918848205,0.918845016,1.918848173,0.918845016,1.918848205,0.918845016,1.918848173,0.918845016,1.918848205,0.918844984,1.918848141,0.918845048,1.918848237,0.918845016,1.918848205,0.918845048,1.918848237,0.918845016,1.918848205,0.918845016,1.918848205,0.918845016,1.918848205,0.918845016,1.918848173,0.918845048,1.918848237,0.918845016,1.918848237,0.918845048,1.918848237,0.918844984,1.918848173,0.918845048,1.918848205,0.918845016,1.918848205,0.918845016,1.918848173,0.918845016,1.918848173,0.918845048,1.918848237,0.918845048,1.918848205,0.918845048,1.918848205,0.918845048,1.918848237,0.918845048,1.918848237,0.918845048,1.918848237,0.918845048,1.918848237,0.918845048,1.918848205,0.918845048,1.918848237,0.918845048,1.918848205,0.918845016,1.918848205,0.918845016,1.918848205,0.918844984,1.918848173,0.918845016,1.918848173,0.918845016,1.918848205,0.918845016,1.918848173,0.918845016,1.918848205,0.918845016,1.918848173,0.918844984,1.918848173,0.918845048,1.918848205,0.918844984,1.918848141,0.918845048,1.918848237,0.918844984,1.918848141,0.918844984,1.918848173,0.918845048,1.918848237,0.918845016,1.918848173,0.918845048,1.918848205,0.918845016,1.918848173,0.918845016,1.918848205,0.918845016,1.918848173,0.918845016,1.918848237,0.918845048,1.918848205,0.918845016,1.918848205,0.918845048,1.918848237,0.918845016,1.918848173,0.918844984,1.918848173,0.918845016,1.918848205,0.918845016,1.918848237,0.918844984,1.918848173,0.918844984,1.918848173,0.918845016,1.918848237,0.918845016,1.918848205,0.918845016,1.918848205,0.918845048,1.918848237,0.918845016,1.918848205,0.918845016,1.918848205,0.918844984,1.918848173,0.918845016,1.918848205,0.918845016,1.918848205,0.918845016,1.918848173,0.918845048,1.918848205,0.918845016,1.918848173,0.918844984,1.918848173,0.918845016,1.918848205,0.918844984,1.918848141,0.918845016,1.918848205,0.918845016,1.918848205,0.918844984,1.918848173,0.918845016,1.918848205,0.918845016,1.918848173,0.918845016,1.918848205,0.918845048,1.918848205,0.918845016,1.918848205,0.918845016,1.918848205,0.918845016,1.918848205,0.918845048,1.918848205,0.918845048,1.918848237,0.918845048,1.918848237,0.918844984,1.918848173,0.918845016,1.918848205,0.918845016,1.918848173,0.918845048,1.918848237,0.918845016,1.918848237,0.918845048,1.918848237,0.918845048,1.918848205,0.918845048,1.918848205,0.918845048,1.918848237,0.918845048,1.918848237,0.918845048,1.918848237,0.918845048,1.918848237,0.918845048,1.918848205,0.918845048,1.918848205,0.918845048,1.918848237,0.918845080,1.918848269,0.918845048,1.918848205,0.918845048,1.918848237,0.918845048,1.918848205,0.918845048,1.918848237,0.918845048,1.918848237,0.918845080,1.918848269,0.918845048,1.918848237,0.918845048,1.918848237,0.918845048,1.918848237,0.918845016,1.918848205,0.918845048,1.918848237,0.918845048,1.918848237,0.918845016,1.918848173,0.918845016,1.918848205,0.918845048,1.918848237,0.918845048,1.918848237,0.918845048,1.918848205,0.918845048,1.918848237,0.918845048,1.918848237,0.918845048,1.918848237,0.918845016,1.918848173,0.918845048,1.918848237,0.918845016,1.918848173,0.918845048,1.918848205,0.918845016,1.918848173,0.918845048,1.918848237,0.918845016,1.918848205,0.918845016,1.918848205,0.918845048,1.918848205,0.918845016,1.918848205,0.918845048,1.918848205,0.918845016,1.918848205,0.918845048,1.918848237,0.918845048,1.918848237,0.918845016,1.918848205,0.918845016,1.918848205,0.918845048,1.918848237,0.918845048,1.918848237,0.918845048,1.918848237,0.918845048,1.918848237,0.918845048,1.918848237,0.918845048,1.918848205,0.918845048,1.918848205,0.918845048,1.918848205,0.918845048,1.918848237,0.918845080,1.918848269,0.918845048,1.918848237,0.918845048,1.918848237,0.918845048,1.918848205,0.918845048,1.918848237,0.918845048,1.918848237,0.918845048,1.918848237,0.918845016,1.918848205,0.918845016,1.918848173,0.918845048,1.918848237,0.918845048,1.918848237,0.918845048,1.918848237,0.918845048,1.918848237,0.918845048,1.918848205,0.918845048,1.918848237,0.918845048,1.918848205,0.918845048,1.918848237,0.918845048,1.918848237,0.918845080,1.918848237,0.918844984,1.918848173,0.918845048,1.918848205,0.918844984,1.918848173,0.918845048,1.918848237,0.918845048,1.918848237,0.918845048,1.918848205,0.918845048,1.918848237,0.918845048,1.918848237,0.918845048,1.918848237,0.918845048,1.918848237,0.918845048,1.918848237,0.918845048,1.918848237,0.918845048,1.918848237,0.918845048,1.918848237,0.918845080,1.918848301,0.918845080,1.918848301,0.918845048,1.918848237,0.918845048,1.918848237,0.918845048,1.918848205,0.918845080,1.918848301,0.918845048,1.918848237,0.918845080,1.918848237], "block_smids": [0,2,4,6,8,10,12,14,16,18,20,22,24,26,28,30,32,34,36,38,40,42,44,46,48,50,52,54,56,58,60,62,64,66,68,70,72,74,76,78,1,3,5,7,9,11,13,15,17,19,21,23,25,27,29,31,33,35,37,39,41,43,45,47,49,51,53,55,57,59,61,63,65,67,69,71,73,75,77,79,0,2,4,6,8,10,12,14,16,18,20,22,24,26,28,30,32,34,36,38,40,42,44,46,48,50,52,54,56,58,60,62,64,66,68,70,72,74,76,78,1,3,5,7,9,11,13,15,17,19,21,23,25,27,29,31,33,35,37,39,41,43,45,47,49,51,53,55,57,59,61,63,65,67,69,71,73,75,77,79,0,2,4,6,8,10,12,14,16,18,20,22,24,26,28,30,32,34,36,38,40,42,44,46,48,50,52,54,56,58,60,62,64,66,68,70,72,74,76,78,1,3,5,7,9,11,13,15,17,19,21,23,25,27,29,31,33,35,37,39,41,43,45,47,49,51,53,55,57,59,61,63,65,67,69,71,73,75,77,79,0,2,4,6,8,10,12,14,16,18,20,22,24,26,28,30], "cpu_core": 1}
]}