{
"scenario_name": "B32",
"benchmark_name": "Multi-kernel submission",
"label": "K1",
"max_resident_threads": 163840,
"data_size": 0,
"release_time": 0.000000,
"PID": 3792,
"TID": 3835,
"times": [{},
{"copy_in_times": [0.772188024,0.772188983], "execute_times": [0.772189699,1.772237304], "copy_out_times": [1.772248373,1.772317971], "cpu_times": [0.772188024,1.772317971]},
{"kernel_name": "K1", "block_count": 32, "thread_count": 1, "shared_memory": 0, "cuda_launch_times": [0.772190559, 0.772220430, 0.000000000], "block_times": [0.772233531,1.772237493,0.772233531,1.772237525,0.772233531,1.772237525,0.772233531,1.772237525,0.772233499,1.772237493,0.772233531,1.772237525,0.772233531,1.772237525,0.772233531,1.772237525,0.772233531,1.772237525,0.772233531,1.772237493,0.772233499,1.772237493,0.772233531,1.772237525,0.772233531,1.772237525,0.772233531,1.772237525,0.772233531,1.772237493,0.772233531,1.772237493,0.772233499,1.772237493,0.772233531,1.772237525,0.772233531,1.772237557,0.772233531,1.772237525,0.772233531,1.772237525,0.772233531,1.772237525,0.772233499,1.772237461,0.772233531,1.772237525,0.772233531,1.772237493,0.772233531,1.772237493,0.772233531,1.772237493,0.772233531,1.772237525,0.772233499,1.772237493,0.772233531,1.772237525,0.772233531,1.772237525,0.772233531,1.772237525], "block_smids": [0,2,4,6,8,10,12,14,16,18,20,22,24,26,28,30,32,34,36,38,40,42,44,46,48,50,52,54,56,58,60,62], "cpu_core": 1}
]}