{
"scenario_name": "Test 10_2",
"benchmark_name": "Multi-kernel submission",
"label": "K2",
"max_resident_threads": 163840,
"data_size": 0,
"release_time": 0.000000,
"PID": 43189,
"TID": 43352,
"times": [{},
{"copy_in_times": [4.823716484,4.823717891], "execute_times": [4.823719172,8.823716995], "copy_out_times": [8.823717583,8.823747211], "cpu_times": [4.823716484,8.823747211]},
{"kernel_name": "K2", "block_count": 80, "thread_count": 1024, "shared_memory": 0, "cuda_launch_times": [4.923858123, 4.923914027, 0.000000000], "block_times": [6.823723125,8.823719245,6.823723157,8.823719245,6.823723157,8.823719245,6.823723125,8.823719213,6.823723157,8.823719469,6.823723157,8.823719469,6.823723189,8.823719341,6.823723189,8.823719277,6.823723189,8.823719341,6.823723189,8.823719309,6.823723157,8.823719277,6.823723189,8.823719309,6.823723221,8.823719341,6.823723125,8.823719213,6.823723221,8.823719341,6.823723189,8.823719341,6.823723125,8.823719501,6.823723221,8.823719341,6.823723189,8.823719277,6.823723157,8.823719437,6.823723221,8.823719341,6.823723221,8.823719341,6.823723221,8.823719309,6.823723157,8.823719277,6.823723157,8.823719245,6.823723189,8.823719501,6.823723221,8.823719341,6.823723221,8.823719309,6.823723221,8.823719373,6.823723221,8.823719341,6.823723221,8.823719373,6.823723221,8.823719373,6.823723221,8.823719341,6.823723221,8.823719341,6.823723157,8.823719277,6.823723189,8.823719309,6.823723221,8.823719309,6.823723221,8.823719341,6.823723221,8.823719309,6.823723253,8.823719373,6.823723157,8.823719245,6.823723157,8.823719245,6.823723221,8.823719309,6.823723221,8.823719341,6.823723221,8.823719309,6.823723253,8.823719373,6.823723157,8.823719277,6.823723189,8.823719469,6.823723221,8.823719341,6.823723221,8.823719341,6.823723253,8.823719373,6.823723221,8.823719341,6.823723189,8.823719309,6.823723189,8.823719341,6.823723253,8.823719341,6.823723221,8.823719309,6.823723221,8.823719309,6.823723221,8.823719341,6.823723157,8.823719277,6.823723221,8.823719309,6.823723253,8.823719373,6.823723221,8.823719309,6.823723253,8.823719373,6.823723253,8.823719373,6.823723157,8.823719245,6.823723221,8.823719277,6.823723253,8.823719405,6.823723253,8.823719373,6.823723253,8.823719405,6.823723189,8.823719341,6.823723221,8.823719309,6.823723221,8.823719373,6.823723253,8.823719373,6.823723253,8.823719373,6.823723189,8.823719309,6.823723189,8.823719309,6.823723253,8.823719405,6.823723221,8.823719373,6.823723253,8.823719373,6.823723189,8.823719309], "block_smids": [72,44,74,73,45,56,3,39,47,10,8,14,54,4,38,9,52,62,11,64,15,6,60,65,16,57,42,46,36,2,71,66,68,50,40,32,18,33,1,70,28,20,55,35,69,51,5,75,30,23,37,63,41,21,76,58,49,26,53,56,43,34,25,27,52,57,77,59,48,64,75,7,22,0,29,45,19,78,13,17], "cpu_core": 2}
]}