{
"scenario_name": "Test 10_1",
"benchmark_name": "Multi-kernel submission",
"label": "K2",
"max_resident_threads": 163840,
"data_size": 0,
"release_time": 0.000000,
"PID": 41332,
"TID": 41514,
"times": [{},
{"copy_in_times": [4.962358840,4.962360352], "execute_times": [4.962361760,7.962368751], "copy_out_times": [7.962369428,7.962401035], "cpu_times": [4.962358840,7.962401035]},
{"kernel_name": "K2", "block_count": 80, "thread_count": 1024, "shared_memory": 0, "cuda_launch_times": [5.062499778, 5.062564286, 0.000000000], "block_times": [5.962362066,7.962356522,5.962362066,6.962386254,5.962362066,7.962356554,5.962362066,6.962359566,5.962362066,7.962356554,5.962362098,6.962369582,5.962362130,7.962356618,5.962362066,6.962359342,5.962362066,7.962356522,5.962362066,6.962359342,5.962362066,7.962356490,5.962362066,6.962359374,5.962362066,7.962356522,5.962362130,6.962381710,5.962362066,7.962356554,5.962362130,6.962359598,5.962362066,7.962356554,5.962362130,6.962384526,5.962362098,7.962356554,5.962362098,6.962359566,5.962362098,7.962356618,5.962362098,6.962403310,5.962362066,7.962356522,5.962362098,6.962359374,5.962362130,7.962356618,5.962362098,6.962359374,5.962362162,7.962356618,5.962362098,6.962359406,5.962362066,7.962356522,5.962362130,6.962378734,5.962362130,7.962356618,5.962362130,6.962389134,5.962362098,7.962356554,5.962362162,6.962359694,5.962362162,7.962356618,5.962362130,6.962386094,5.962362162,7.962356618,5.962362162,6.962359662,5.962362130,7.962356618,5.962362130,6.962384142,5.962362194,7.962356682,5.962362162,6.962384110,5.962362162,7.962356650,5.962362194,6.962359470,5.962362194,7.962356682,5.962362194,6.962359534,5.962362034,7.962356522,5.962362130,6.962359438,5.962362194,7.962356682,5.962362162,6.962359438,5.962362162,7.962356618,5.962362194,6.962359502,5.962362162,7.962356682,5.962362130,6.962359502,5.962362194,7.962356650,5.962362162,6.962384174,5.962362162,7.962356746,5.962362194,6.962359502,5.962362194,7.962356650,5.962362194,6.962359566,5.962362194,7.962356650,5.962362162,6.962359566,5.962362162,7.962356682,5.962362130,6.962359502,5.962362226,7.962356746,5.962362162,6.962359470,5.962362162,7.962356714,5.962362194,6.962379214,5.962362194,7.962356650,5.962362162,6.962359470,5.962362226,7.962356714,5.962362226,6.962359534,5.962362194,7.962356650,5.962362258,6.962359534,5.962362098,7.962356682,5.962362258,6.962359566,5.962362258,7.962356778,5.962362258,6.962359566,5.962362258,7.962356810,5.962362258,6.962359566], "block_smids": [2,47,46,10,34,11,75,50,78,27,79,70,59,74,14,6,39,7,51,22,38,58,71,3,42,26,30,62,35,66,63,54,15,55,18,23,67,43,46,2,19,39,31,6,7,3,47,10,38,78,14,75,34,70,74,51,71,22,58,62,11,26,59,50,42,27,79,63,23,35,54,30,66,18,15,55,67,43,19,31], "cpu_core": 2}
]}