{
"scenario_name": "Test 10_1",
"benchmark_name": "Multi-kernel submission",
"label": "K1",
"max_resident_threads": 163840,
"data_size": 0,
"release_time": 0.000000,
"PID": 41332,
"TID": 41513,
"times": [{},
{"copy_in_times": [4.962357390,4.962358012], "execute_times": [4.962358521,6.962407552], "copy_out_times": [6.962410506,6.962485079], "cpu_times": [4.962357390,6.962485079]},
{"kernel_name": "K1", "block_count": 160, "thread_count": 1024, "shared_memory": 0, "cuda_launch_times": [4.962359441, 4.962381250, 0.000000000], "block_times": [4.962364438,6.962358894,4.962364374,5.962361650,4.962364406,6.962359086,4.962364374,5.962361714,4.962364342,6.962359086,4.962364374,5.962361714,4.962364438,6.962358894,4.962364438,5.962361714,4.962364438,6.962359086,4.962364438,5.962361746,4.962364406,6.962359118,4.962364438,5.962361714,4.962364438,6.962358894,4.962364438,5.962361746,4.962364438,6.962359086,4.962364438,5.962361746,4.962364406,6.962359086,4.962364438,5.962361714,4.962364374,6.962358830,4.962364406,5.962361714,4.962364374,6.962359054,4.962364406,5.962361714,4.962364342,6.962359086,4.962364374,5.962361682,4.962364438,6.962358926,4.962364406,5.962361714,4.962364406,6.962359118,4.962364438,5.962361746,4.962364374,6.962359054,4.962364406,5.962361714,4.962364438,6.962358894,4.962364438,5.962361746,4.962364438,6.962359118,4.962364438,5.962361746,4.962364406,6.962358862,4.962364406,5.962361714,4.962364374,6.962359054,4.962364374,5.962361714,4.962364438,6.962359086,4.962364406,5.962361714,4.962364438,6.962358894,4.962364406,5.962361714,4.962364438,6.962359118,4.962364406,5.962361714,4.962364374,6.962359054,4.962364406,5.962361714,4.962364438,6.962358894,4.962364438,5.962361778,4.962364438,6.962359150,4.962364470,5.962361778,4.962364406,6.962359118,4.962364438,5.962361778,4.962364438,6.962358926,4.962364438,5.962361714,4.962364438,6.962359150,4.962364470,5.962361778,4.962364406,6.962359118,4.962364438,5.962361746,4.962364438,6.962358894,4.962364406,5.962361714,4.962364406,6.962359086,4.962364438,5.962361778,4.962364374,6.962359054,4.962364374,5.962361650,4.962364438,6.962358894,4.962364438,5.962361714,4.962364438,6.962359150,4.962364438,5.962361746,4.962364406,6.962359086,4.962364438,5.962361714,4.962364470,6.962358926,4.962364438,5.962361778,4.962364438,6.962359118,4.962364470,5.962361778,4.962364374,6.962358830,4.962364438,5.962361714,4.962364406,6.962359118,4.962364406,5.962361682,4.962364438,6.962359150,4.962364438,5.962361714,4.962364438,6.962358958,4.962364438,5.962361810,4.962364438,6.962358926,4.962364438,5.962361810,4.962364406,6.962358894,4.962364438,5.962361810,4.962364470,6.962359022,4.962364470,5.962361810,4.962364470,6.962358958,4.962364502,5.962361810,4.962364438,6.962358926,4.962364470,5.962361842,4.962364502,6.962358990,4.962364502,5.962361842,4.962364470,6.962358926,4.962364502,5.962361842,4.962364470,6.962358926,4.962364502,5.962361810,4.962364470,6.962358990,4.962364470,5.962361810,4.962364438,6.962358894,4.962364470,5.962361810,4.962364438,6.962358926,4.962364438,5.962361810,4.962364438,6.962358958,4.962364438,5.962361778,4.962364438,6.962358926,4.962364470,5.962361810,4.962364438,6.962358894,4.962364438,5.962361810,4.962364502,6.962359022,4.962364470,5.962361842,4.962364438,6.962358926,4.962364502,5.962361842,4.962364470,6.962359022,4.962364438,5.962361810,4.962364470,6.962358926,4.962364438,5.962361778,4.962364438,6.962358926,4.962364470,5.962361778,4.962364502,6.962359022,4.962364438,5.962361778,4.962364502,6.962358990,4.962364438,5.962361778,4.962364406,6.962358894,4.962364438,5.962361810,4.962364534,6.962359054,4.962364470,5.962361810,4.962364502,6.962358958,4.962364502,5.962361842,4.962364438,6.962358926,4.962364470,5.962361842,4.962364534,6.962359054,4.962364438,5.962361778,4.962364502,6.962358990,4.962364470,5.962361842,4.962364406,6.962358894,4.962364438,5.962361778,4.962364470,6.962358958,4.962364438,5.962361810,4.962364470,6.962358958,4.962364470,5.962361810,4.962364438,6.962358926,4.962364438,5.962361810,4.962364502,6.962359022,4.962364470,5.962361810,4.962364502,6.962358958,4.962364502,5.962361874,4.962364470,6.962358926,4.962364502,5.962361810,4.962364502,6.962359022,4.962364470,5.962361810,4.962364502,6.962358990,4.962364502,5.962361874,4.962364470,6.962358990,4.962364470,5.962361842,4.962364470,6.962358926,4.962364470,5.962361810,4.962364470,6.962358958,4.962364502,5.962361842], "block_smids": [0,2,4,6,8,10,12,14,16,18,20,22,24,26,28,30,32,34,36,38,40,42,44,46,48,50,52,54,56,58,60,62,64,66,68,70,72,74,76,78,1,3,5,7,9,11,13,15,17,19,21,23,25,27,29,31,33,35,37,39,41,43,45,47,49,51,53,55,57,59,61,63,65,67,69,71,73,75,77,79,0,2,4,6,8,10,12,14,16,18,20,22,24,26,28,30,32,34,36,38,40,42,44,46,48,50,52,54,56,58,60,62,64,66,68,70,72,74,76,78,1,3,5,7,9,11,13,15,17,19,21,23,25,27,29,31,33,35,37,39,41,43,45,47,49,51,53,55,57,59,61,63,65,67,69,71,73,75,77,79], "cpu_core": 1}
]}