{
"scenario_name": "Test 10_2",
"benchmark_name": "Multi-kernel submission",
"label": "K1",
"max_resident_threads": 163840,
"data_size": 0,
"release_time": 0.000000,
"PID": 43189,
"TID": 43351,
"times": [{},
{"copy_in_times": [4.823715080,4.823715698], "execute_times": [4.823716191,6.823772348], "copy_out_times": [6.823774943,6.823842132], "cpu_times": [4.823715080,6.823842132]},
{"kernel_name": "K1", "block_count": 160, "thread_count": 1024, "shared_memory": 0, "cuda_launch_times": [4.823716931, 4.823740231, 0.000000000], "block_times": [4.823726685,6.823722997,4.823726653,6.823722965,4.823726653,6.823722741,4.823726653,6.823722773,4.823726621,6.823722741,4.823726685,6.823722965,4.823726717,6.823723029,4.823726653,6.823722965,4.823726653,6.823722773,4.823726685,6.823722805,4.823726653,6.823722805,4.823726685,6.823722997,4.823726717,6.823722997,4.823726685,6.823723029,4.823726653,6.823722805,4.823726685,6.823722805,4.823726653,6.823722805,4.823726685,6.823722965,4.823726685,6.823722997,4.823726653,6.823722933,4.823726653,6.823722805,4.823726653,6.823722773,4.823726589,6.823722677,4.823726653,6.823722965,4.823726685,6.823723029,4.823726653,6.823722997,4.823726653,6.823722773,4.823726653,6.823722773,4.823726653,6.823722741,4.823726685,6.823722997,4.823726685,6.823722997,4.823726653,6.823722965,4.823726653,6.823722773,4.823726685,6.823722805,4.823726653,6.823722933,4.823726653,6.823722965,4.823726589,6.823722677,4.823726621,6.823722709,4.823726685,6.823722805,4.823726653,6.823722965,4.823726717,6.823722965,4.823726685,6.823722997,4.823726685,6.823722773,4.823726685,6.823722837,4.823726653,6.823722773,4.823726685,6.823723029,4.823726717,6.823723061,4.823726685,6.823722997,4.823726685,6.823722805,4.823726717,6.823722837,4.823726653,6.823722805,4.823726717,6.823722997,4.823726717,6.823723061,4.823726717,6.823722997,4.823726685,6.823722837,4.823726717,6.823722869,4.823726653,6.823722805,4.823726717,6.823722997,4.823726717,6.823723029,4.823726685,6.823722997,4.823726653,6.823722805,4.823726685,6.823722805,4.823726589,6.823722709,4.823726653,6.823722933,4.823726717,6.823723029,4.823726685,6.823722997,4.823726685,6.823722805,4.823726685,6.823722805,4.823726653,6.823722773,4.823726685,6.823723029,4.823726717,6.823723029,4.823726685,6.823722997,4.823726653,6.823722773,4.823726717,6.823722869,4.823726653,6.823722997,4.823726685,6.823722997,4.823726621,6.823722709,4.823726653,6.823722773,4.823726717,6.823722805,4.823726685,6.823722997,4.823726717,6.823722805,4.823726653,6.823722773,4.823726653,6.823722869,4.823726653,6.823722869,4.823726653,6.823722869,4.823726685,6.823722773,4.823726717,6.823722837,4.823726653,6.823722741,4.823726685,6.823722869,4.823726685,6.823722869,4.823726685,6.823722869,4.823726717,6.823722837,4.823726749,6.823722837,4.823726717,6.823722805,4.823726685,6.823722901,4.823726717,6.823722933,4.823726653,6.823722837,4.823726717,6.823722837,4.823726685,6.823722805,4.823726653,6.823722773,4.823726653,6.823722869,4.823726685,6.823722933,4.823726653,6.823722869,4.823726685,6.823722805,4.823726717,6.823722837,4.823726685,6.823722805,4.823726653,6.823722837,4.823726717,6.823722901,4.823726653,6.823722837,4.823726685,6.823722805,4.823726685,6.823722805,4.823726685,6.823722773,4.823726653,6.823722805,4.823726685,6.823722901,4.823726717,6.823722805,4.823726653,6.823722773,4.823726653,6.823722869,4.823726717,6.823722933,4.823726685,6.823722869,4.823726749,6.823722869,4.823726685,6.823722805,4.823726653,6.823722741,4.823726653,6.823722805,4.823726653,6.823722869,4.823726621,6.823722805,4.823726653,6.823722741,4.823726717,6.823722805,4.823726685,6.823722773,4.823726685,6.823722869,4.823726685,6.823722869,4.823726653,6.823722837,4.823726685,6.823722805,4.823726717,6.823722805,4.823726717,6.823722837,4.823726685,6.823722901,4.823726717,6.823722933,4.823726685,6.823722869,4.823726717,6.823722805,4.823726685,6.823722805,4.823726653,6.823722741,4.823726653,6.823722805,4.823726685,6.823722869,4.823726653,6.823722869,4.823726685,6.823722773,4.823726717,6.823722837,4.823726685,6.823722805,4.823726685,6.823722837,4.823726717,6.823722933,4.823726653,6.823722837,4.823726717,6.823722837,4.823726717,6.823722869,4.823726717,6.823722805,4.823726685,6.823722869,4.823726717,6.823722901,4.823726685,6.823722805,4.823726653,6.823722773,4.823726653,6.823722869,4.823726685,6.823722869,4.823726685,6.823722869,4.823726717,6.823722805], "block_smids": [0,2,4,6,8,10,12,14,16,18,20,22,24,26,28,30,32,34,36,38,40,42,44,46,48,50,52,54,56,58,60,62,64,66,68,70,72,74,76,78,1,3,5,7,9,11,13,15,17,19,21,23,25,27,29,31,33,35,37,39,41,43,45,47,49,51,53,55,57,59,61,63,65,67,69,71,73,75,77,79,0,2,4,6,8,10,12,14,16,18,20,22,24,26,28,30,32,34,36,38,40,42,44,46,48,50,52,54,56,58,60,62,64,66,68,70,72,74,76,78,1,3,5,7,9,11,13,15,17,19,21,23,25,27,29,31,33,35,37,39,41,43,45,47,49,51,53,55,57,59,61,63,65,67,69,71,73,75,77,79], "cpu_core": 1}
]}