{
"scenario_name": "B128",
"benchmark_name": "Multi-kernel submission",
"label": "K1",
"max_resident_threads": 163840,
"data_size": 0,
"release_time": 0.000000,
"PID": 3947,
"TID": 3980,
"times": [{},
{"copy_in_times": [0.760749593,0.760750486], "execute_times": [0.760751140,1.760804790], "copy_out_times": [1.760811640,1.760886166], "cpu_times": [0.760749593,1.760886166]},
{"kernel_name": "K1", "block_count": 128, "thread_count": 1, "shared_memory": 0, "cuda_launch_times": [0.760752283, 0.760788027, 0.000000000], "block_times": [0.760800488,1.760803339,0.760800456,1.760803275,0.760800456,1.760803275,0.760800488,1.760803307,0.760800456,1.760803307,0.760800488,1.760803307,0.760800520,1.760803371,0.760800488,1.760803339,0.760800456,1.760803307,0.760800520,1.760803339,0.760800456,1.760803307,0.760800488,1.760803339,0.760800488,1.760803339,0.760800488,1.760803339,0.760800488,1.760803339,0.760800488,1.760803339,0.760800456,1.760803307,0.760800488,1.760803339,0.760800488,1.760803339,0.760800488,1.760803339,0.760800488,1.760803339,0.760800488,1.760803339,0.760800488,1.760803339,0.760800488,1.760803307,0.760800520,1.760803339,0.760800488,1.760803339,0.760800488,1.760803307,0.760800520,1.760803371,0.760800488,1.760803339,0.760800488,1.760803339,0.760800520,1.760803339,0.760800456,1.760803275,0.760800488,1.760803339,0.760800488,1.760803339,0.760800520,1.760803339,0.760800488,1.760803307,0.760800488,1.760803339,0.760800488,1.760803339,0.760800488,1.760803339,0.760800488,1.760803307,0.760800488,1.760803307,0.760800456,1.760803307,0.760800488,1.760803307,0.760800488,1.760803339,0.760800456,1.760803275,0.760800488,1.760803339,0.760800520,1.760803371,0.760800456,1.760803307,0.760800488,1.760803307,0.760800520,1.760803339,0.760800488,1.760803339,0.760800488,1.760803307,0.760800520,1.760803371,0.760800456,1.760803307,0.760800488,1.760803307,0.760800488,1.760803339,0.760800488,1.760803307,0.760800488,1.760803339,0.760800488,1.760803339,0.760800488,1.760803307,0.760800488,1.760803339,0.760800488,1.760803339,0.760800456,1.760803275,0.760800488,1.760803307,0.760800520,1.760803339,0.760800488,1.760803339,0.760800488,1.760803339,0.760800520,1.760803371,0.760800488,1.760803307,0.760800488,1.760803307,0.760800520,1.760803371,0.760800488,1.760803339,0.760800488,1.760803339,0.760800520,1.760803403,0.760800520,1.760803371,0.760800488,1.760803339,0.760800488,1.760803339,0.760800488,1.760803339,0.760800488,1.760803339,0.760800488,1.760803307,0.760800488,1.760803307,0.760800456,1.760803307,0.760800456,1.760803307,0.760800488,1.760803339,0.760800456,1.760803275,0.760800488,1.760803339,0.760800488,1.760803307,0.760800488,1.760803307,0.760800488,1.760803307,0.760800488,1.760803339,0.760800456,1.760803275,0.760800488,1.760803307,0.760800520,1.760803339,0.760800488,1.760803339,0.760800488,1.760803339,0.760800488,1.760803339,0.760800456,1.760803339,0.760800488,1.760803339,0.760800520,1.760803339,0.760800488,1.760803307,0.760800488,1.760803307,0.760800488,1.760803339,0.760800488,1.760803339,0.760800488,1.760803307,0.760800488,1.760803339,0.760800456,1.760803307,0.760800488,1.760803339,0.760800488,1.760803339,0.760800488,1.760803339,0.760800488,1.760803339,0.760800488,1.760803339,0.760800488,1.760803339,0.760800488,1.760803339,0.760800488,1.760803339,0.760800520,1.760803339,0.760800488,1.760803339,0.760800488,1.760803339,0.760800488,1.760803339,0.760800520,1.760803371,0.760800488,1.760803339,0.760800520,1.760803371,0.760800456,1.760803307,0.760800488,1.760803307,0.760800488,1.760803339,0.760800456,1.760803307,0.760800488,1.760803339,0.760800520,1.760803339,0.760800488,1.760803307], "block_smids": [0,2,4,6,8,10,12,14,16,18,20,22,24,26,28,30,32,34,36,38,40,42,44,46,48,50,52,54,56,58,60,62,64,66,68,70,72,74,76,78,1,3,5,7,9,11,13,15,17,19,21,23,25,27,29,31,33,35,37,39,41,43,45,47,49,51,53,55,57,59,61,63,65,67,69,71,73,75,77,79,0,2,4,6,8,10,12,14,16,18,20,22,24,26,28,30,32,34,36,38,40,42,44,46,48,50,52,54,56,58,60,62,64,66,68,70,72,74,76,78,1,3,5,7,9,11,13,15], "cpu_core": 1}
]}