{
"scenario_name": "B64",
"benchmark_name": "Multi-kernel submission",
"label": "K1",
"max_resident_threads": 163840,
"data_size": 0,
"release_time": 0.000000,
"PID": 3856,
"TID": 3900,
"times": [{},
{"copy_in_times": [1.063025949,1.063026955], "execute_times": [1.063027687,2.063080146], "copy_out_times": [2.063090638,2.063156252], "cpu_times": [1.063025949,2.063156252]},
{"kernel_name": "K1", "block_count": 64, "thread_count": 1, "shared_memory": 0, "cuda_launch_times": [1.063028541, 1.063063644, 0.000000000], "block_times": [1.063080446,2.063083728,1.063080414,2.063083696,1.063080414,2.063083696,1.063080414,2.063083664,1.063080414,2.063083696,1.063080414,2.063083696,1.063080446,2.063083728,1.063080414,2.063083664,1.063080414,2.063083696,1.063080446,2.063083728,1.063080414,2.063083664,1.063080414,2.063083696,1.063080446,2.063083728,1.063080414,2.063083696,1.063080414,2.063083728,1.063080446,2.063083728,1.063080414,2.063083728,1.063080446,2.063083728,1.063080446,2.063083696,1.063080414,2.063083696,1.063080414,2.063083664,1.063080414,2.063083664,1.063080414,2.063083696,1.063080414,2.063083664,1.063080446,2.063083728,1.063080414,2.063083664,1.063080414,2.063083664,1.063080446,2.063083728,1.063080414,2.063083696,1.063080446,2.063083728,1.063080446,2.063083728,1.063080414,2.063083664,1.063080414,2.063083696,1.063080446,2.063083728,1.063080446,2.063083728,1.063080414,2.063083696,1.063080414,2.063083696,1.063080414,2.063083696,1.063080446,2.063083696,1.063080446,2.063083728,1.063080446,2.063083696,1.063080414,2.063083696,1.063080414,2.063083728,1.063080414,2.063083728,1.063080414,2.063083696,1.063080414,2.063083664,1.063080446,2.063083728,1.063080414,2.063083696,1.063080414,2.063083728,1.063080446,2.063083728,1.063080414,2.063083664,1.063080414,2.063083696,1.063080446,2.063083728,1.063080414,2.063083696,1.063080414,2.063083664,1.063080446,2.063083696,1.063080414,2.063083696,1.063080446,2.063083728,1.063080446,2.063083696,1.063080414,2.063083696,1.063080414,2.063083664,1.063080446,2.063083728,1.063080414,2.063083696,1.063080414,2.063083696], "block_smids": [0,2,4,6,8,10,12,14,16,18,20,22,24,26,28,30,32,34,36,38,40,42,44,46,48,50,52,54,56,58,60,62,64,66,68,70,72,74,76,78,1,3,5,7,9,11,13,15,17,19,21,23,25,27,29,31,33,35,37,39,41,43,45,47], "cpu_core": 1}
]}