{
"scenario_name": "B512",
"benchmark_name": "Multi-kernel submission",
"label": "K1",
"max_resident_threads": 163840,
"data_size": 0,
"release_time": 0.000000,
"PID": 24644,
"TID": 24823,
"times": [{},
{"copy_in_times": [4.824979012,4.824979615], "execute_times": [4.824980109,5.825012378], "copy_out_times": [5.825012860,5.825034782], "cpu_times": [4.824979012,5.825034782]},
{"kernel_name": "K1", "block_count": 512, "thread_count": 1, "shared_memory": 0, "cuda_launch_times": [4.824980714, 4.825007927, 0.000000000], "block_times": [4.825004537,5.825003114,4.825004537,5.825003082,4.825004569,5.825003114,4.825004537,5.825003114,4.825004537,5.825003114,4.825004537,5.825003082,4.825004537,5.825003114,4.825004537,5.825003114,4.825004569,5.825003146,4.825004569,5.825003178,4.825004537,5.825003114,4.825004537,5.825003114,4.825004537,5.825003114,4.825004569,5.825003146,4.825004569,5.825003146,4.825004569,5.825003146,4.825004537,5.825003114,4.825004537,5.825003082,4.825004569,5.825003146,4.825004569,5.825003146,4.825004537,5.825003114,4.825004569,5.825003146,4.825004505,5.825003050,4.825004505,5.825003082,4.825004569,5.825003178,4.825004569,5.825003178,4.825004537,5.825003082,4.825004569,5.825003114,4.825004537,5.825003114,4.825004569,5.825003114,4.825004537,5.825003114,4.825004569,5.825003146,4.825004569,5.825003146,4.825004601,5.825003178,4.825004505,5.825003050,4.825004569,5.825003114,4.825004537,5.825003082,4.825004537,5.825003114,4.825004601,5.825003178,4.825004569,5.825003114,4.825004569,5.825003146,4.825004569,5.825003146,4.825004569,5.825003146,4.825004569,5.825003146,4.825004537,5.825003082,4.825004569,5.825003178,4.825004569,5.825003114,4.825004569,5.825003146,4.825004601,5.825003210,4.825004601,5.825003178,4.825004569,5.825003146,4.825004569,5.825003178,4.825004569,5.825003114,4.825004601,5.825003146,4.825004601,5.825003146,4.825004601,5.825003178,4.825004569,5.825003114,4.825004537,5.825003114,4.825004473,5.825003018,4.825004473,5.825003018,4.825004569,5.825003178,4.825004505,5.825003082,4.825004473,5.825003050,4.825004473,5.825003018,4.825004505,5.825003082,4.825004505,5.825003082,4.825004505,5.825003082,4.825004537,5.825003114,4.825004505,5.825003050,4.825004505,5.825003114,4.825004537,5.825003114,4.825004473,5.825003050,4.825004537,5.825003114,4.825004473,5.825003050,4.825004473,5.825003050,4.825004505,5.825003114,4.825004505,5.825003050,4.825004537,5.825003082,4.825004505,5.825003082,4.825004537,5.825003082,4.825004505,5.825003082,4.825004473,5.825003050,4.825004505,5.825003082,4.825004505,5.825003082,4.825004473,5.825003050,4.825004473,5.825003050,4.825004505,5.825003050,4.825004505,5.825003082,4.825004537,5.825003114,4.825004505,5.825003082,4.825004537,5.825003114,4.825004505,5.825003082,4.825004537,5.825003082,4.825004537,5.825003114,4.825004537,5.825003114,4.825004537,5.825003114,4.825004505,5.825003050,4.825004537,5.825003082,4.825004473,5.825003018,4.825004473,5.825003018,4.825004473,5.825003050,4.825004505,5.825003082,4.825004473,5.825003018,4.825004473,5.825003050,4.825004505,5.825003114,4.825004505,5.825003082,4.825004505,5.825003082,4.825004537,5.825003114,4.825004505,5.825003082,4.825004505,5.825003082,4.825004537,5.825003114,4.825004537,5.825003114,4.825004537,5.825003114,4.825004537,5.825003114,4.825004473,5.825003050,4.825004505,5.825003082,4.825004473,5.825003018,4.825004537,5.825003114,4.825004505,5.825003082,4.825004537,5.825003114,4.825004473,5.825003018,4.825004473,5.825003050,4.825004473,5.825003050,4.825004473,5.825003050,4.825004473,5.825003050,4.825004473,5.825003050,4.825004505,5.825003114,4.825004505,5.825003082,4.825004505,5.825003114,4.825004537,5.825003082,4.825004473,5.825003018,4.825004505,5.825003082,4.825004505,5.825003082,4.825004537,5.825003114,4.825004537,5.825003114,4.825004537,5.825003082,4.825004505,5.825003114,4.825004537,5.825003082,4.825004473,5.825003050,4.825004505,5.825003050,4.825004473,5.825003050,4.825004505,5.825003082,4.825004473,5.825003050,4.825004505,5.825003114,4.825004473,5.825003050,4.825004537,5.825003082,4.825004537,5.825003114,4.825004537,5.825003114,4.825004473,5.825003050,4.825004505,5.825003050,4.825004473,5.825003050,4.825004505,5.825003082,4.825004473,5.825003050,4.825004505,5.825003082,4.825004473,5.825003050,4.825004473,5.825003018,4.825004505,5.825003082,4.825004537,5.825003114,4.825004505,5.825003050,4.825004473,5.825003050,4.825004473,5.825003050,4.825004473,5.825003050,4.825004473,5.825003018,4.825004473,5.825003050,4.825004473,5.825003018,4.825004473,5.825003018,4.825004473,5.825003018,4.825004505,5.825003082,4.825004505,5.825003050,4.825004537,5.825003082,4.825004505,5.825003082,4.825004473,5.825003050,4.825004505,5.825003050,4.825004505,5.825003082,4.825004505,5.825003050,4.825004505,5.825003050,4.825004473,5.825003050,4.825004505,5.825003082,4.825004505,5.825003050,4.825004473,5.825003050,4.825004473,5.825003018,4.825004505,5.825003082,4.825004505,5.825003082,4.825004505,5.825003082,4.825004537,5.825003114,4.825004505,5.825003082,4.825004537,5.825003114,4.825004505,5.825003082,4.825004505,5.825003050,4.825004537,5.825003114,4.825004505,5.825003082,4.825004537,5.825003082,4.825004505,5.825003082,4.825004537,5.825003114,4.825004505,5.825003082,4.825004505,5.825003050,4.825004505,5.825003082,4.825004473,5.825003018,4.825004537,5.825003114,4.825004505,5.825003050,4.825004537,5.825003082,4.825004473,5.825003050,4.825004537,5.825003082,4.825004505,5.825003050,4.825004505,5.825003082,4.825004505,5.825003082,4.825004537,5.825003114,4.825004537,5.825003114,4.825004537,5.825003114,4.825004537,5.825003082,4.825004537,5.825003082,4.825004537,5.825003114,4.825004537,5.825003114,4.825004537,5.825003114,4.825004537,5.825003114,4.825004537,5.825003114,4.825004537,5.825003114,4.825004537,5.825003114,4.825004537,5.825003082,4.825004537,5.825003114,4.825004537,5.825003082,4.825004537,5.825003082,4.825004505,5.825003050,4.825004505,5.825003114,4.825004537,5.825003082,4.825004537,5.825003114,4.825004537,5.825003082,4.825004537,5.825003114,4.825004537,5.825003082,4.825004537,5.825003114,4.825004537,5.825003114,4.825004537,5.825003082,4.825004537,5.825003114,4.825004569,5.825003114,4.825004505,5.825003082,4.825004537,5.825003082,4.825004505,5.825003050,4.825004537,5.825003114,4.825004569,5.825003146,4.825004537,5.825003114,4.825004569,5.825003146,4.825004537,5.825003114,4.825004569,5.825003114,4.825004569,5.825003146,4.825004537,5.825003082,4.825004537,5.825003114,4.825004569,5.825003146,4.825004569,5.825003146,4.825004569,5.825003146,4.825004569,5.825003114,4.825004569,5.825003146,4.825004569,5.825003114,4.825004569,5.825003146,4.825004569,5.825003146,4.825004569,5.825003146,4.825004601,5.825003146,4.825004537,5.825003114,4.825004569,5.825003178,4.825004537,5.825003082,4.825004505,5.825003082,4.825004569,5.825003114,4.825004569,5.825003114,4.825004505,5.825003050,4.825004505,5.825003082,4.825004537,5.825003082,4.825004537,5.825003114,4.825004569,5.825003146,4.825004537,5.825003114,4.825004537,5.825003114,4.825004537,5.825003114,4.825004537,5.825003114,4.825004537,5.825003082,4.825004537,5.825003082,4.825004569,5.825003146,4.825004505,5.825003114,4.825004537,5.825003114,4.825004505,5.825003050,4.825004505,5.825003082,4.825004537,5.825003082,4.825004537,5.825003082,4.825004537,5.825003114,4.825004505,5.825003082,4.825004537,5.825003114,4.825004537,5.825003114,4.825004537,5.825003082,4.825004537,5.825003114,4.825004537,5.825003114,4.825004537,5.825003114,4.825004537,5.825003114,4.825004537,5.825003114,4.825004537,5.825003082,4.825004537,5.825003082,4.825004537,5.825003082,4.825004537,5.825003114,4.825004569,5.825003114,4.825004569,5.825003114,4.825004537,5.825003114,4.825004537,5.825003082,4.825004537,5.825003114,4.825004537,5.825003082,4.825004537,5.825003114,4.825004537,5.825003082,4.825004473,5.825003050,4.825004473,5.825003018,4.825004537,5.825003082,4.825004537,5.825003114,4.825004537,5.825003114,4.825004569,5.825003178,4.825004537,5.825003114,4.825004537,5.825003114,4.825004537,