{
"scenario_name": "B256",
"benchmark_name": "Multi-kernel submission",
"label": "K1",
"max_resident_threads": 163840,
"data_size": 0,
"release_time": 0.000000,
"PID": 4581,
"TID": 4631,
"times": [{},
{"copy_in_times": [0.739203074,0.739203965], "execute_times": [0.739204617,1.739254415], "copy_out_times": [1.739264312,1.739334885], "cpu_times": [0.739203074,1.739334885]},
{"kernel_name": "K1", "block_count": 256, "thread_count": 1, "shared_memory": 0, "cuda_launch_times": [0.739205398, 0.739233282, 0.000000000], "block_times": [0.739246755,1.739249897,0.739246723,1.739249833,0.739246723,1.739249833,0.739246723,1.739249833,0.739246691,1.739249833,0.739246723,1.739249833,0.739246755,1.739249897,0.739246723,1.739249865,0.739246723,1.739249833,0.739246723,1.739249865,0.739246723,1.739249865,0.739246755,1.739249897,0.739246755,1.739249897,0.739246755,1.739249897,0.739246723,1.739249833,0.739246755,1.739249865,0.739246691,1.739249833,0.739246723,1.739249865,0.739246723,1.739249865,0.739246723,1.739249897,0.739246691,1.739249833,0.739246723,1.739249833,0.739246691,1.739249833,0.739246723,1.739249833,0.739246755,1.739249897,0.739246755,1.739249897,0.739246723,1.739249833,0.739246755,1.739249897,0.739246723,1.739249865,0.739246755,1.739249897,0.739246755,1.739249865,0.739246723,1.739249833,0.739246723,1.739249865,0.739246723,1.739249865,0.739246723,1.739249865,0.739246755,1.739249897,0.739246691,1.739249833,0.739246723,1.739249897,0.739246723,1.739249833,0.739246755,1.739249897,0.739246723,1.739249865,0.739246723,1.739249865,0.739246659,1.739249801,0.739246723,1.739249865,0.739246691,1.739249833,0.739246723,1.739249897,0.739246723,1.739249865,0.739246755,1.739249897,0.739246691,1.739249865,0.739246755,1.739249897,0.739246691,1.739249833,0.739246723,1.739249865,0.739246755,1.739249897,0.739246755,1.739249865,0.739246723,1.739249833,0.739246755,1.739249865,0.739246723,1.739249833,0.739246755,1.739249897,0.739246723,1.739249833,0.739246723,1.739249865,0.739246691,1.739249833,0.739246723,1.739249833,0.739246691,1.739249833,0.739246723,1.739249865,0.739246755,1.739249897,0.739246723,1.739249833,0.739246723,1.739249865,0.739246723,1.739249865,0.739246723,1.739249833,0.739246755,1.739249897,0.739246723,1.739249833,0.739246755,1.739249865,0.739246691,1.739249833,0.739246755,1.739249897,0.739246723,1.739249833,0.739246755,1.739249897,0.739246691,1.739249833,0.739246691,1.739249833,0.739246755,1.739249865,0.739246723,1.739249865,0.739246755,1.739249897,0.739246723,1.739249865,0.739246723,1.739249865,0.739246723,1.739249865,0.739246691,1.739249833,0.739246723,1.739249865,0.739246755,1.739249897,0.739246755,1.739249897,0.739246755,1.739249897,0.739246755,1.739249897,0.739246755,1.739249897,0.739246755,1.739249897,0.739246755,1.739249865,0.739246755,1.739249897,0.739246723,1.739249865,0.739246755,1.739249897,0.739246723,1.739249865,0.739246755,1.739249897,0.739246723,1.739249865,0.739246723,1.739249865,0.739246691,1.739249833,0.739246723,1.739249865,0.739246691,1.739249801,0.739246723,1.739249897,0.739246723,1.739249833,0.739246755,1.739249865,0.739246691,1.739249833,0.739246755,1.739249897,0.739246691,1.739249833,0.739246723,1.739249833,0.739246755,1.739249897,0.739246755,1.739249865,0.739246723,1.739249865,0.739246723,1.739249833,0.739246723,1.739249865,0.739246723,1.739249865,0.739246691,1.739249833,0.739246723,1.739249865,0.739246723,1.739249833,0.739246755,1.739249897,0.739246723,1.739249865,0.739246723,1.739249865,0.739246691,1.739249833,0.739246723,1.739249865,0.739246691,1.739249833,0.739246723,1.739249865,0.739246755,1.739249865,0.739246755,1.739249865,0.739246691,1.739249833,0.739246755,1.739249897,0.739246691,1.739249833,0.739246723,1.739249833,0.739246723,1.739249865,0.739246723,1.739249865,0.739246691,1.739249801,0.739246723,1.739249865,0.739246723,1.739249897,0.739246755,1.739249865,0.739246723,1.739249865,0.739246723,1.739249865,0.739246691,1.739249833,0.739246723,1.739249865,0.739246691,1.739249833,0.739246723,1.739249833,0.739246755,1.739249897,0.739246755,1.739249897,0.739246723,1.739249865,0.739246755,1.739249897,0.739246723,1.739249897,0.739246755,1.739249865,0.739246755,1.739249897,0.739246755,1.739249897,0.739246723,1.739249833,0.739246755,1.739249897,0.739246723,1.739249833,0.739246723,1.739249865,0.739246691,1.739249833,0.739246723,1.739249833,0.739246723,1.739249865,0.739246755,1.739249897,0.739246787,1.739249929,0.739246755,1.739249897,0.739246755,1.739249897,0.739246755,1.739249897,0.739246755,1.739249897,0.739246755,1.739249897,0.739246787,1.739249961,0.739246787,1.739249897,0.739246755,1.739249897,0.739246787,1.739249897,0.739246755,1.739249897,0.739246787,1.739249897,0.739246787,1.739249929,0.739246787,1.739249897,0.739246755,1.739249897,0.739246787,1.739249929,0.739246755,1.739249865,0.739246755,1.739249897,0.739246755,1.739249865,0.739246755,1.739249897,0.739246723,1.739249833,0.739246755,1.739249897,0.739246723,1.739249833,0.739246755,1.739249865,0.739246755,1.739249865,0.739246755,1.739249865,0.739246723,1.739249865,0.739246755,1.739249897,0.739246723,1.739249833,0.739246755,1.739249865,0.739246755,1.739249897,0.739246787,1.739249897,0.739246723,1.739249833,0.739246755,1.739249865,0.739246755,1.739249897,0.739246755,1.739249897,0.739246691,1.739249833,0.739246723,1.739249865,0.739246755,1.739249897,0.739246755,1.739249865,0.739246787,1.739249897,0.739246755,1.739249897,0.739246755,1.739249897,0.739246755,1.739249865,0.739246723,1.739249865,0.739246755,1.739249865,0.739246787,1.739249929,0.739246755,1.739249865,0.739246755,1.739249865,0.739246755,1.739249897,0.739246755,1.739249897,0.739246755,1.739249897,0.739246787,1.739249897,0.739246787,1.739249929,0.739246755,1.739249897,0.739246787,1.739249929,0.739246755,1.739249897,0.739246787,1.739249897,0.739246755,1.739249897,0.739246755,1.739249897,0.739246755,1.739249897,0.739246755,1.739249865,0.739246723,1.739249865,0.739246755,1.739249897,0.739246755,1.739249897,0.739246755,1.739249897,0.739246755,1.739249897,0.739246755,1.739249897,0.739246755,1.739249865,0.739246755,1.739249897,0.739246755,1.739249897,0.739246787,1.739249897,0.739246723,1.739249865,0.739246787,1.739249929,0.739246723,1.739249865,0.739246787,1.739249897,0.739246659,1.739249801,0.739246723,1.739249865,0.739246787,1.739249897,0.739246755,1.739249897,0.739246787,1.739249929,0.739246787,1.739249929,0.739246755,1.739249897,0.739246787,1.739249897,0.739246755,1.739249897,0.739246755,1.739249897,0.739246787,1.739249929,0.739246787,1.739249929,0.739246755,1.739249897,0.739246787,1.739249929,0.739246755,1.739249897,0.739246787,1.739249897,0.739246787,1.739249929,0.739246787,1.739249897,0.739246755,1.739249897,0.739246787,1.739249961], "block_smids": [0,2,4,6,8,10,12,14,16,18,20,22,24,26,28,30,32,34,36,38,40,42,44,46,48,50,52,54,56,58,60,62,64,66,68,70,72,74,76,78,1,3,5,7,9,11,13,15,17,19,21,23,25,27,29,31,33,35,37,39,41,43,45,47,49,51,53,55,57,59,61,63,65,67,69,71,73,75,77,79,0,2,4,6,8,10,12,14,16,18,20,22,24,26,28,30,32,34,36,38,40,42,44,46,48,50,52,54,56,58,60,62,64,66,68,70,72,74,76,78,1,3,5,7,9,11,13,15,17,19,21,23,25,27,29,31,33,35,37,39,41,43,45,47,49,51,53,55,57,59,61,63,65,67,69,71,73,75,77,79,0,2,4,6,8,10,12,14,16,18,20,22,24,26,28,30,32,34,36,38,40,42,44,46,48,50,52,54,56,58,60,62,64,66,68,70,72,74,76,78,1,3,5,7,9,11,13,15,17,19,21,23,25,27,29,31,33,35,37,39,41,43,45,47,49,51,53,55,57,59,61,63,65,67,69,71,73,75,77,79,0,2,4,6,8,10,12,14,16,18,20,22,24,26,28,30], "cpu_core": 1}
]}