{
"scenario_name": "Multiple Streams",
"benchmark_name": "Multi-kernel submission",
"label": "K3",
"max_resident_threads": 163840,
"data_size": 0,
"release_time": 0.000000,
"PID": 26486,
"TID": 26673,
"times": [{},
{"copy_in_times": [4.853005548,4.853007108], "execute_times": [4.853008513,7.853024363], "copy_out_times": [7.853025110,7.853064116], "cpu_times": [4.853005548,7.853064116]},
{"kernel_name": "K3", "block_count": 120, "thread_count": 1024, "shared_memory": 0, "cuda_launch_times": [4.855168004, 4.855223029, 0.000000000], "block_times": [5.853024386,6.853022579,5.853024354,6.853022483,5.853024386,6.853022547,5.853024386,6.853022579,5.853024354,6.853022547,5.853024354,6.853022547,5.853024386,6.853022579,5.853029122,6.853048243,5.853029090,6.853048211,5.853029090,6.853048179,5.853029090,6.853048243,5.853029122,6.853048211,5.853029122,6.853048243,5.853034914,6.853033075,5.853034914,6.853033107,5.853034946,6.853033139,5.853034946,6.853033107,5.853034946,6.853033139,5.853034946,6.853033139,5.853044834,6.853051059,5.853044866,6.853051059,5.853044834,6.853051027,5.853044866,6.853051059,5.853044866,6.853051027,5.853044866,6.853051027,5.853044898,6.853051027,5.853059426,6.853057587,5.853059426,6.853057587,5.853059458,6.853057619,5.853059426,6.853057587,5.853059458,6.853057619,5.853059458,6.853057651,5.853059458,6.853057619,5.853068034,6.853086643,5.853068066,6.853086611,5.853068034,6.853086675,5.853068034,6.853086643,5.853068066,6.853086643,5.853068066,6.853086611,5.853068066,6.853086643,5.854194944,6.854193105,5.854194912,6.854193073,5.854194944,6.854193137,5.854194976,6.854193137,5.854194944,6.854193137,5.854194944,6.854193137,5.854194976,6.854193137,5.854194944,6.854193137,5.854194976,6.854193169,5.854194976,6.854193137,5.854194976,6.854193169,5.854194976,6.854193169,5.854194976,6.854193201,5.854194976,6.854193169,5.854194976,6.854193169,5.854194976,6.854193105,5.854195008,6.854193201,5.854194976,6.854193169,5.854195008,6.854193169,5.854195008,6.854193137,5.854195008,6.854193169,5.854195008,6.854193201,5.854195008,6.854193137,5.854195040,6.854193233,5.854195040,6.854193233,5.854195040,6.854193201,5.854201728,6.854220145,5.854201696,6.854220241,5.854201728,6.854220241,5.854201728,6.854219281,5.854201728,6.854220273,5.854201760,6.854220241,5.854201760,6.854219185,5.854213376,6.854216465,5.854213408,6.854216465,5.854213408,6.854216497,5.854213408,6.854216529,5.854213408,6.854216465,5.854213408,6.854216465,5.854213408,6.854216465,6.853022195,7.853023012,6.853022227,7.853020612,6.853022227,7.853020420,6.853022259,7.853023012,6.853022227,7.853020420,6.853022227,7.853021060,6.853022227,7.853020420,6.853022259,7.853023012,6.853022259,7.853020964,6.853022291,7.853023012,6.853022291,7.853022980,6.853022291,7.853021156,6.853022259,7.853020420,6.853022291,7.853021156,6.853022259,7.853020996,6.853022291,7.853023012,6.853022259,7.853021028,6.853022291,7.853020452,6.853022291,7.853023012,6.853022291,7.853020996,6.853022291,7.853020484,6.853022291,7.853020484,6.853022291,7.853021028,6.853022291,7.853020996,6.853022291,7.853021028,6.853022291,7.853020996,6.853022291,7.853020996,6.853022291,7.853021028,6.853022291,7.853020964,6.853022323,7.853021060,6.853022323,7.853020996,6.853022323,7.853021028,6.853022355,7.853020548,6.853022323,7.853020484,6.853022323,7.853020484,6.853022291,7.853020484,6.853022323,7.853020996,6.853022323,7.853021028,6.853022323,7.853020516,6.853022355,7.853020548], "block_smids": [16,18,28,30,58,62,66,33,21,57,9,75,45,11,79,47,59,23,35,43,77,19,55,31,67,7,27,39,15,51,3,63,71,17,5,65,29,53,41,73,3,63,9,19,39,11,45,31,35,79,71,47,7,23,27,33,21,59,67,77,43,15,51,57,75,55,73,41,65,29,53,5,17,37,49,69,25,13,1,61,69,68,74,13,56,60,44,37,2,1,49,62,8,58,46,25,78,32,61,38,20,54,34,14,10,12,26,70,50,48,22,36,66,76,6,68,0,24,42,18], "cpu_core": 3}
]}