{
"scenario_name": "Multiple Streams",
"benchmark_name": "Multi-kernel submission",
"label": "K7",
"max_resident_threads": 163840,
"data_size": 0,
"release_time": 0.000000,
"PID": 26486,
"TID": 26678,
"times": [{},
{"copy_in_times": [4.853005748,4.853007222], "execute_times": [4.853008621,10.853034304], "copy_out_times": [10.853037491,10.853118342], "cpu_times": [4.853005748,10.853118342]},
{"kernel_name": "K7", "block_count": 120, "thread_count": 1024, "shared_memory": 0, "cuda_launch_times": [4.859223118, 4.859280403, 0.000000000], "block_times": [8.853021877,9.853058662,8.853021877,9.853058726,8.853021877,9.853058662,8.853021877,9.853049606,8.853021877,9.853058662,8.853021877,9.853058694,8.853021909,9.853058662,8.853045589,9.853043750,8.853045589,9.853043782,8.853045589,9.853043782,8.853045589,9.853043750,8.853045621,9.853043782,8.853045621,9.853043782,8.853064949,9.853101958,8.853064949,9.853101990,8.853064949,9.853095366,8.853064981,9.853101958,8.853064981,9.853101990,8.853064981,9.853101958,8.853064981,9.853101958,8.853084021,9.853126214,8.853084021,9.853126182,8.853084021,9.853126182,8.853084021,9.853126246,8.853084021,9.853126246,8.853084021,9.853126214,8.853084053,9.853126214,8.853087669,9.853085862,8.853087637,9.853085798,8.853087669,9.853085862,8.853087669,9.853085830,8.853087637,9.853085830,8.853087669,9.853085830,8.853087669,9.853085862,8.853115925,9.853155782,8.853115925,9.853155782,8.853115925,9.853155782,8.853115925,9.853155782,8.853115925,9.853155782,8.853115957,9.853155782,8.854204019,9.854240996,8.854204019,9.854235492,8.854204051,9.854240964,8.854204083,9.854241028,8.854204019,9.854241028,8.854204051,9.854241028,8.854204083,9.854241028,8.854217555,9.854260004,8.854217555,9.854260004,8.854217619,9.854259940,8.854217619,9.854259972,8.854217651,9.854248484,8.854217651,9.854259940,8.854217651,9.854259972,8.854221267,9.854219428,8.854221299,9.854219492,8.854221299,9.854219492,8.854221299,9.854219492,8.854221299,9.854219460,8.854221299,9.854219460,8.854221299,9.854219492,8.854232659,9.854269828,8.854232659,9.854269796,8.854232691,9.854269828,8.854232723,9.854269860,8.854232755,9.854269828,8.854232755,9.854269796,8.854249427,9.854289380,8.854249427,9.854289380,8.854249491,9.854289412,8.854249491,9.854289380,8.854249491,9.854289412,8.854249459,9.854289412,8.854253779,9.854290212,8.854253779,9.854290276,8.854253779,9.854290276,8.854253779,9.854290276,8.854253811,9.854290244,8.854253811,9.854290308,8.854253843,9.854290276,9.853017862,10.853016023,9.853017958,10.853016087,9.853017958,10.853016151,9.853018022,10.853016215,9.853017990,10.853016151,9.853018022,10.853016183,9.853018118,10.853016311,9.853018118,10.853016279,9.853018150,10.853016311,9.853018086,10.853016311,9.853018086,10.853016311,9.853018150,10.853016343,9.853018182,10.853016375,9.853018182,10.853016343,9.853018182,10.853016375,9.853018150,10.853016375,9.853018182,10.853016951,9.853018214,10.853016983,9.853018182,10.853016375,9.853018246,10.853016407,9.853018246,10.853016439,9.853018246,10.853016951,9.853018246,10.853016439,9.853018246,10.853016407,9.853018246,10.853016407,9.853018278,10.853016439,9.853018246,10.853016983,9.853018278,10.853016983,9.853018246,10.853016439,9.853018278,10.853016471,9.853018278,10.853016983,9.853018278,10.853016983,9.853018278,10.853016983,9.853018278,10.853016983,9.853018246,10.853016471,9.853018278,10.853016951,9.853018310,10.853016471,9.853018278,10.853016439,9.853018278,10.853016503,9.853018310,10.853017015], "block_smids": [49,69,61,13,37,25,1,75,57,45,9,33,21,55,31,77,67,43,19,7,29,41,73,5,17,65,53,71,39,15,63,3,51,27,47,59,79,35,11,23,43,7,19,77,55,67,31,73,65,17,29,5,41,53,27,71,15,51,3,39,63,75,45,33,57,9,21,11,79,23,35,59,47,49,69,13,25,37,61,1,68,6,42,76,68,54,8,44,20,42,6,74,18,32,56,54,78,34,76,24,30,46,66,36,60,0,50,22,20,12,10,14,38,2,8,58,48,44,56,70], "cpu_core": 7}
]}