{
"scenario_name": "Multiple Streams",
"benchmark_name": "Multi-kernel submission",
"label": "K2",
"max_resident_threads": 163840,
"data_size": 0,
"release_time": 0.000000,
"PID": 26486,
"TID": 26672,
"times": [{},
{"copy_in_times": [4.853005687,4.853007207], "execute_times": [4.853008620,6.853062434], "copy_out_times": [6.853064490,6.853147494], "cpu_times": [4.853005687,6.853147494]},
{"kernel_name": "K2", "block_count": 120, "thread_count": 1024, "shared_memory": 0, "cuda_launch_times": [4.854152280, 4.854211097, 0.000000000], "block_times": [4.854196527,5.854212992,4.854196463,5.854194624,4.854196495,5.854201440,4.854196495,5.854194688,4.854196495,5.854194656,4.854196495,5.854194656,4.854196527,5.854212992,4.854196527,5.854194720,4.854196495,5.854201440,4.854196495,5.854194656,4.854196495,5.854194688,4.854196495,5.854194688,4.854196559,5.854212992,4.854196527,5.854194688,4.854196495,5.854201408,4.854196527,5.854194656,4.854196495,5.854194688,4.854196495,5.854194688,4.854196527,5.854212960,4.854196495,5.854194656,4.854196495,5.854201408,4.854196527,5.854194688,4.854196495,5.854194656,4.854196495,5.854194688,4.854196527,5.854212992,4.854196527,5.854194720,4.854196527,5.854201408,4.854196527,5.854194752,4.854196527,5.854194720,4.854196527,5.854194688,4.854196527,5.854212992,4.854196495,5.854194624,4.854196527,5.854201408,4.854196527,5.854194688,4.854196559,5.854212992,4.854196527,5.854194688,4.854196527,5.854201408,4.854196527,5.854194752,4.854196527,5.854194688,4.854196527,5.854194688,5.853023746,6.853021907,5.853023746,6.853021971,5.853023810,6.853021971,5.853023810,6.853021971,5.853023810,6.853022003,5.853023778,6.853021971,5.853023810,6.853021971,5.853023810,6.853021971,5.853023810,6.853022003,5.853023810,6.853022003,5.853023810,6.853021939,5.853023810,6.853021971,5.853023810,6.853022259,5.853023810,6.853021971,5.853023810,6.853022227,5.853023810,6.853021971,5.853023810,6.853022003,5.853023842,6.853022035,5.853023810,6.853022291,5.853023842,6.853022035,5.853023842,6.853022355,5.853023810,6.853022003,5.853023810,6.853022291,5.853023842,6.853022003,5.853023810,6.853022003,5.853023842,6.853022003,5.853023842,6.853022035,5.853023842,6.853022035,5.853023842,6.853022035,5.853023842,6.853022003,5.853023874,6.853022035,5.853023842,6.853022035,5.853023842,6.853022035,5.853023842,6.853022035,5.853023874,6.853022707,5.853023842,6.853022035,5.853023842,6.853022035,5.853023874,6.853022003,5.853023874,6.853022003,5.853023874,6.853022067,5.853023874,6.853022675,5.853023842,6.853022003,5.853023842,6.853022003,5.853023874,6.853022035,5.853023874,6.853022035,5.853023874,6.853022035,5.853023874,6.853022067,5.853023842,6.853022067,5.853023874,6.853022131,5.853023938,6.853022131,5.853023938,6.853022195,5.853023938,6.853022163,5.853023906,6.853022131,5.853023906,6.853022163,5.853023938,6.853022195,5.853023906,6.853022067,5.853023906,6.853022067,5.853023938,6.853022131,5.853023906,6.853022099,5.853023938,6.853022131,5.853023938,6.853022131,5.853023938,6.853022131,5.853023938,6.853022163,5.853023938,6.853022163,5.853023938,6.853022099,5.853023938,6.853022163,5.853023938,6.853022163,5.853023938,6.853022131,5.853023970,6.853022195,5.853023970,6.853022195,5.853023970,6.853022163,5.853023970,6.853022195,5.853023970,6.853022163,5.853023970,6.853022195,5.853023970,6.853022195,5.853024002,6.853022163,5.853024002,6.853022195,5.853024002,6.853022227,5.853024002,6.853022195,5.853024002,6.853022195], "block_smids": [1,3,5,7,9,11,13,15,17,19,21,23,25,27,29,31,33,35,37,39,41,43,45,47,49,51,53,55,57,59,61,63,65,67,69,71,73,75,77,79,69,68,37,13,61,44,49,1,25,8,56,60,72,74,40,2,20,0,52,12,4,38,64,58,62,46,26,6,10,32,22,48,50,70,16,42,36,14,34,24,28,78,54,66,76,18,30,68,60,12,36,48,0,46,24,44,64,8,72,32,40,56,74,38,20,78,34,52,6,2,50,14,26,70,76,4,22,54,10,42], "cpu_core": 2}
]}