{
"scenario_name": "Multiple Streams",
"benchmark_name": "Multi-kernel submission",
"label": "K5",
"max_resident_threads": 163840,
"data_size": 0,
"release_time": 0.000000,
"PID": 26486,
"TID": 26676,
"times": [{},
{"copy_in_times": [4.853005688,4.853007196], "execute_times": [4.853008593,8.853130051], "copy_out_times": [8.853133095,8.853203278], "cpu_times": [4.853005688,8.853203278]},
{"kernel_name": "K5", "block_count": 120, "thread_count": 1024, "shared_memory": 0, "cuda_launch_times": [4.857171771, 4.857226351, 0.000000000], "block_times": [7.853020868,8.853019509,7.853020836,8.853019445,7.853020868,8.853019509,7.853020836,8.853019413,7.853020868,8.853019189,7.853020868,8.853019477,7.853020900,8.853019061,7.853020868,8.853019413,7.853020900,8.853019093,7.853020900,8.853019061,7.853020900,8.853019093,7.853020932,8.853019125,7.853020932,8.853019125,7.853020932,8.853019093,7.853021220,8.853019605,7.853021252,8.853019605,7.853021220,8.853019573,7.853021220,8.853019573,7.853021092,8.853019253,7.853021092,8.853019285,7.853021252,8.853019605,7.853021252,8.853019669,7.853021156,8.853019541,7.853021252,8.853019669,7.853021156,8.853019605,7.853021092,8.853019253,7.853021252,8.853019669,7.853021124,8.853019317,7.853021124,8.853019285,7.853021284,8.853019669,7.853021188,8.853019541,7.853021252,8.853019669,7.853021124,8.853019317,7.853021156,8.853019605,7.853021188,8.853019637,7.853021124,8.853019317,7.853021188,8.853019541,7.853021124,8.853019317,7.853021284,8.853019669,7.853021124,8.853019349,7.853021348,8.853019669,7.853021188,8.853019381,7.853021348,8.853019701,7.853021156,8.853019317,7.853021316,8.853019477,7.853021348,8.853019701,7.853021348,8.853019669,7.853021348,8.853019669,7.853021284,8.853019477,7.853021348,8.853019509,7.853021316,8.853019477,7.853021316,8.853019509,7.853021252,8.853019445,7.853021316,8.853019477,7.853021348,8.853019541,7.853021220,8.853019381,7.853021348,8.853019541,7.853021348,8.853019541,7.853021284,8.853019701,7.853021348,8.853019509,7.853021252,8.853019509,7.853021252,8.853019413,7.853021252,8.853019413,7.853021252,8.853019477,7.853021252,8.853019477,7.853021284,8.853019733,7.853021252,8.853019477,7.853021284,8.853019477,7.853021412,8.853019541,7.853021412,8.853019541,7.853021412,8.853019573,7.853021412,8.853019605,7.853021412,8.853019605,7.853021380,8.853019829,7.853021316,8.853019541,7.853021380,8.853019573,7.853021380,8.853019605,7.853021444,8.853019893,7.853021508,8.853019669,7.853021540,8.853019733,7.853023300,8.853021429,7.853023300,8.853021493,7.853023300,8.853021461,7.853023300,8.853021461,7.853023332,8.853021493,7.853023300,8.853021461,7.853023332,8.853021493,7.853046980,8.853045141,7.853046980,8.853045173,7.853047012,8.853045205,7.853047044,8.853045237,7.853047044,8.853045205,7.853047044,8.853045237,7.853066372,8.853064533,7.853066372,8.853064533,7.853066372,8.853064533,7.853066404,8.853064565,7.853066404,8.853064597,7.853066404,8.853064565,7.853066404,8.853064565,7.853073252,8.853115541,7.853073252,8.853115541,7.853073252,8.853115509,7.853073316,8.853115541,7.853073316,8.853115541,7.853073316,8.853115509,7.853085412,8.853083541,7.853085444,8.853083605,7.853085412,8.853083605,7.853085412,8.853083573,7.853085444,8.853083605,7.853085444,8.853083637,7.853085476,8.853083637,7.853089028,8.853087221,7.853089060,8.853087189,7.853089028,8.853087253,7.853089028,8.853087253,7.853089060,8.853087221,7.853089060,8.853087253,7.853089092,8.853087221], "block_smids": [74,44,56,8,68,32,54,20,76,6,42,66,18,68,14,50,38,2,8,20,26,10,0,34,36,6,70,32,42,78,12,22,44,60,48,56,24,76,46,54,40,30,4,74,50,72,52,64,2,22,14,38,12,26,46,0,10,70,62,78,30,36,24,18,34,58,60,48,40,52,4,72,64,28,66,62,58,16,28,16,49,37,69,13,1,61,25,75,57,45,21,9,33,77,55,31,43,7,67,19,11,79,59,35,23,47,29,5,73,41,17,65,53,39,71,63,51,15,27,3], "cpu_core": 5}
]}