{
"scenario_name": "Multiple Streams",
"benchmark_name": "Multi-kernel submission",
"label": "K6",
"max_resident_threads": 163840,
"data_size": 0,
"release_time": 0.000000,
"PID": 26486,
"TID": 26677,
"times": [{},
{"copy_in_times": [4.853005562,4.853007159], "execute_times": [4.853008562,9.853005735], "copy_out_times": [9.853006470,9.853043158], "cpu_times": [4.853005562,9.853043158]},
{"kernel_name": "K6", "block_count": 120, "thread_count": 1024, "shared_memory": 0, "cuda_launch_times": [4.858198642, 4.858259442, 0.000000000], "block_times": [7.854192034,8.854199251,7.854192034,8.854232435,7.854192034,8.854231731,7.854192034,8.854232403,7.854192034,8.854199443,7.854192066,8.854232435,7.854205538,8.854203699,7.854205570,8.854203731,7.854205570,8.854203763,7.854205602,8.854203763,7.854205538,8.854203699,7.854205570,8.854203763,7.854205570,8.854203763,7.854207074,8.854249171,7.854207106,8.854249171,7.854207074,8.854249171,7.854207074,8.854249203,7.854207106,8.854249107,7.854207106,8.854249139,7.854219106,8.854217299,7.854219074,8.854217235,7.854219106,8.854217299,7.854219106,8.854217267,7.854219138,8.854217331,7.854219138,8.854217299,7.854219138,8.854217331,7.854222818,8.854220979,7.854222786,8.854220979,7.854222786,8.854220979,7.854222786,8.854221011,7.854222818,8.854221011,7.854222818,8.854221011,7.854222818,8.854221011,7.854255330,8.854253491,7.854255298,8.854253491,7.854255298,8.854253459,7.854255330,8.854253491,7.854255330,8.854253491,7.854255298,8.854253491,7.854255362,8.854253523,8.853019317,9.853017926,8.853019349,9.853017862,8.853019349,9.853017766,8.853019381,9.853017958,8.853019381,9.853017862,8.853019413,9.853018054,8.853019445,9.853018118,8.853019413,9.853017606,8.853019541,9.853018022,8.853019509,9.853017670,8.853019509,9.853017670,8.853019605,9.853017990,8.853019605,9.853018054,8.853019573,9.853018086,8.853019605,9.853018054,8.853019573,9.853017734,8.853019605,9.853018054,8.853019573,9.853017766,8.853019669,9.853018054,8.853019669,9.853018118,8.853019701,9.853018150,8.853019701,9.853018086,8.853019637,9.853017830,8.853019637,9.853017830,8.853019733,9.853018150,8.853019733,9.853018214,8.853019669,9.853017830,8.853019733,9.853018150,8.853019733,9.853018182,8.853019765,9.853018150,8.853019733,9.853018150,8.853019765,9.853017958,8.853019701,9.853017894,8.853019765,9.853018150,8.853019733,9.853017894,8.853019765,9.853018182,8.853019733,9.853017926,8.853019733,9.853017894,8.853019765,9.853017926,8.853019797,9.853017990,8.853019797,9.853017990,8.853019797,9.853018246,8.853019797,9.853018022,8.853019765,9.853017958,8.853019797,9.853017958,8.853019829,9.853018278,8.853019765,9.853017990,8.853019829,9.853018278,8.853019829,9.853017990,8.853019797,9.853017958,8.853019829,9.853018022,8.853019829,9.853018246,8.853019861,9.853018022,8.853019797,9.853017958,8.853019861,9.853018310,8.853019797,9.853017990,8.853019829,9.853017990,8.853019861,9.853018278,8.853019861,9.853018022,8.853019829,9.853018054,8.853019829,9.853017990,8.853019893,9.853018278,8.853019829,9.853018054,8.853019861,9.853018086,8.853019861,9.853018086,8.853019861,9.853018150,8.853019893,9.853018086,8.853019893,9.853018118,8.853019893,9.853018054,8.853019893,9.853018054,8.853019893,9.853018054,8.853019957,9.853018374,8.853019925,9.853018118,8.853019989,9.853018182,8.853019925,9.853018118,8.853019925,9.853018086,8.853019957,9.853018214,8.853020021,9.853018470,8.853020053,9.853018246,8.853020149,9.853018342], "block_smids": [33,9,45,57,75,21,7,19,55,67,43,77,31,59,35,23,47,79,11,17,73,29,65,41,5,53,27,71,15,39,51,3,63,61,13,49,37,25,69,1,54,6,68,76,42,18,66,68,8,6,42,20,32,74,44,76,56,54,30,24,0,36,8,20,12,48,44,60,14,2,50,34,18,26,32,38,56,74,78,22,46,70,10,30,66,52,0,40,12,24,2,62,38,36,4,50,60,72,58,26,14,64,48,78,10,46,22,34,70,52,62,28,40,64,72,4,58,16,28,16], "cpu_core": 6}
]}