{
"scenario_name": "Multiple Streams",
"benchmark_name": "Multi-kernel submission",
"label": "K1",
"max_resident_threads": 163840,
"data_size": 0,
"release_time": 0.000000,
"PID": 26486,
"TID": 26671,
"times": [{},
{"copy_in_times": [4.853004332,4.853005063], "execute_times": [4.853005692,5.853084571], "copy_out_times": [5.853085149,5.853111503], "cpu_times": [4.853004332,5.853111503]},
{"kernel_name": "K1", "block_count": 120, "thread_count": 1024, "shared_memory": 0, "cuda_launch_times": [4.853007002, 4.853036039, 0.000000000], "block_times": [4.853025393,5.853023554,4.853025329,5.853023746,4.853025329,5.853023746,4.853025361,5.853023714,4.853025329,5.853023682,4.853025361,5.853023778,4.853025393,5.853023554,4.853025361,5.853023746,4.853025361,5.853023778,4.853025361,5.853023778,4.853025329,5.853023714,4.853025361,5.853023778,4.853025393,5.853023586,4.853025361,5.853023746,4.853025361,5.853023778,4.853025393,5.853023810,4.853025329,5.853023682,4.853025361,5.853023714,4.853025393,5.853023586,4.853025329,5.853023714,4.853025329,5.853023682,4.853025361,5.853023778,4.853025265,5.853023682,4.853025297,5.853023650,4.853025393,5.853023586,4.853025329,5.853023746,4.853025329,5.853023714,4.853025361,5.853023778,4.853025329,5.853023714,4.853025361,5.853023778,4.853025393,5.853023554,4.853025361,5.853023778,4.853025329,5.853023682,4.853025393,5.853023778,4.853025329,5.853023490,4.853025361,5.853023746,4.853025297,5.853023714,4.853025329,5.853023714,4.853025361,5.853023746,4.853025361,5.853023714,4.853025297,5.853023458,4.853025265,5.853059138,4.853025233,5.853067714,4.853025265,5.853044578,4.853025233,5.853028674,4.853025265,5.853034594,4.853025297,5.853023490,4.853025297,5.853059138,4.853025265,5.853067714,4.853025297,5.853044514,4.853025265,5.853028642,4.853025297,5.853034626,4.853025329,5.853023522,4.853025265,5.853059074,4.853025265,5.853067714,4.853025297,5.853044546,4.853025233,5.853028642,4.853025297,5.853034658,4.853025297,5.853023458,4.853025265,5.853059106,4.853025233,5.853067746,4.853025297,5.853044514,4.853025233,5.853028706,4.853025297,5.853034626,4.853025329,5.853023522,4.853025297,5.853059138,4.853025297,5.853067746,4.853025329,5.853044514,4.853025265,5.853028642,4.853025329,5.853034626,4.853025329,5.853023522,4.853025265,5.853059170,4.853025297,5.853067714,4.853025265,5.853044546,4.853025297,5.853023458,4.853025297,5.853059170,4.853025265,5.853067778,4.853025297,5.853028674,4.853025297,5.853044514,4.853025329,5.853034594,4.853025393,5.853023618,4.853025329,5.853023522,4.853025329,5.853023490,4.853025361,5.853023554,4.853025329,5.853023490,4.853025361,5.853023522,4.853025425,5.853023618,4.853025393,5.853023586,4.853025361,5.853023522,4.853025393,5.853023586,4.853025329,5.853023522,4.853025361,5.853023522,4.853025425,5.853023586,4.853025393,5.853023554,4.853025393,5.853023586,4.853025425,5.853023586,4.853025361,5.853023554,4.853025393,5.853023554,4.853025393,5.853023618,4.853025361,5.853023554,4.853025329,5.853023458,4.853025393,5.853023586,4.853025329,5.853023490,4.853025393,5.853023586,4.853025425,5.853023650,4.853025393,5.853023586,4.853025361,5.853023522,4.853025393,5.853023586,4.853025361,5.853023522,4.853025393,5.853023554,4.853025425,5.853023650,4.853025393,5.853023554,4.853025393,5.853023554,4.853025425,5.853023586,4.853025393,5.853023618,4.853025361,5.853023554,4.853025329,5.853023522,4.853025361,5.853023522,4.853025393,5.853023586,4.853025393,5.853023586], "block_smids": [0,2,4,6,8,10,12,14,16,18,20,22,24,26,28,30,32,34,36,38,40,42,44,46,48,50,52,54,56,58,60,62,64,66,68,70,72,74,76,78,1,3,5,7,9,11,13,15,17,19,21,23,25,27,29,31,33,35,37,39,41,43,45,47,49,51,53,55,57,59,61,63,65,67,69,71,73,75,77,79,0,2,4,6,8,10,12,14,16,18,20,22,24,26,28,30,32,34,36,38,40,42,44,46,48,50,52,54,56,58,60,62,64,66,68,70,72,74,76,78], "cpu_core": 1}
]}