{
"scenario_name": "Multiple Streams",
"benchmark_name": "Multi-kernel submission",
"label": "K8",
"max_resident_threads": 163840,
"data_size": 0,
"release_time": 0.000000,
"PID": 26486,
"TID": 26679,
"times": [{},
{"copy_in_times": [4.853005559,4.853007122], "execute_times": [4.853008528,10.854269953], "copy_out_times": [10.854270666,10.854302516], "cpu_times": [4.853005559,10.854302516]},
{"kernel_name": "K8", "block_count": 120, "thread_count": 1024, "shared_memory": 0, "cuda_launch_times": [4.860162562, 4.860227598, 0.000000000], "block_times": [9.853018630,10.853017015,9.853018630,10.853016823,9.853018598,10.853016759,9.853018630,10.853017015,9.853018630,10.853016791,9.853018630,10.853017015,9.853018630,10.853016823,9.853018630,10.853016791,9.853018662,10.853016823,9.853018662,10.853016855,9.853018694,10.853016855,9.853018694,10.853016887,9.853018662,10.853017015,9.853018662,10.853016855,9.853018662,10.853016855,9.853018662,10.853016823,9.853018630,10.853016791,9.853018662,10.853016823,9.853018662,10.853017079,9.853018662,10.853016823,9.853018662,10.853016855,9.853018694,10.853016887,9.853018662,10.853017047,9.853018630,10.853016791,9.853018694,10.853016887,9.853018726,10.853016919,9.853018662,10.853017047,9.853018662,10.853016823,9.853018662,10.853016823,9.853018662,10.853017015,9.853018662,10.853016823,9.853018758,10.853016919,9.853018662,10.853016791,9.853018726,10.853016887,9.853018726,10.853016887,9.853018726,10.853016919,9.853018726,10.853016919,9.853018662,10.853017079,9.853018726,10.853016919,9.853018758,10.853016951,9.853044070,10.853042231,9.853044070,10.853042231,9.853044102,10.853042263,9.853044102,10.853042295,9.853044102,10.853042263,9.853044102,10.853042263,9.853058950,10.853057079,9.853058950,10.853057111,9.853058982,10.853057143,9.853058950,10.853057111,9.853058950,10.853057143,9.853059014,10.853057207,9.853059014,10.853057175,9.853086086,10.853123927,9.853086118,10.853123927,9.853086150,10.853123927,9.853086118,10.853123927,9.853086150,10.853123959,9.853086150,10.853123927,9.853086150,10.853123959,9.853102278,10.853100439,9.853102278,10.853100439,9.853102246,10.853100439,9.853102278,10.853100407,9.853102278,10.853100439,9.853102310,10.853100471,9.853102310,10.853100503,9.853126502,10.853124695,9.853126502,10.853124695,9.853126534,10.853124695,9.853126502,10.853124727,9.853126534,10.853124727,9.853126534,10.853124695,9.853126598,10.853124791,9.853156070,10.853195767,9.853156070,10.853195703,9.853156102,10.853195735,9.853156070,10.853195767,9.853156070,10.853195767,9.853156102,10.853195799,9.854219748,10.854217909,9.854219780,10.854217973,9.854219780,10.854217941,9.854219748,10.854217941,9.854219780,10.854217941,9.854219780,10.854217973,9.854219812,10.854217941,9.854241316,10.854239477,9.854241284,10.854239445,9.854241316,10.854239445,9.854241316,10.854239477,9.854241348,10.854239541,9.854241316,10.854239477,9.854241348,10.854239509,9.854260260,10.854258421,9.854260292,10.854258485,9.854260292,10.854258453,9.854260292,10.854258421,9.854260260,10.854258421,9.854260292,10.854258485,9.854260292,10.854258485,9.854270116,10.854268309,9.854270148,10.854268309,9.854270116,10.854268309,9.854270148,10.854268341,9.854270148,10.854268341,9.854270148,10.854268341,9.854289668,10.854287829,9.854289668,10.854287861,9.854289700,10.854287829,9.854289732,10.854287893,9.854289732,10.854287893,9.854289700,10.854287893,9.854290500,10.854288693,9.854290532,10.854288725,9.854290564,10.854288725,9.854290532,10.854288693,9.854290564,10.854288725,9.854290596,10.854288757,9.854290596,10.854288789], "block_smids": [26,0,2,4,10,62,12,14,18,22,24,26,28,30,32,34,36,38,40,46,48,50,52,58,60,62,64,66,70,72,74,72,78,40,52,64,4,16,28,16,75,9,57,33,45,21,13,37,1,49,61,25,69,39,51,63,3,71,27,15,77,67,55,19,7,43,31,41,73,53,65,29,17,5,79,11,47,35,59,23,27,3,39,51,71,15,63,7,19,43,55,77,67,31,41,5,29,17,53,65,73,45,21,75,9,33,57,11,79,59,35,23,47,49,37,25,69,13,1,61], "cpu_core": 8}
]}