{
"scenario_name": "Multiple Streams",
"benchmark_name": "Multi-kernel submission",
"label": "K4",
"max_resident_threads": 163840,
"data_size": 0,
"release_time": 0.000000,
"PID": 26486,
"TID": 26674,
"times": [{},
{"copy_in_times": [4.853005396,4.853006876], "execute_times": [4.853008279,7.854264918], "copy_out_times": [7.854265679,7.854295292], "cpu_times": [4.853005396,7.854295292]},
{"kernel_name": "K4", "block_count": 120, "thread_count": 1024, "shared_memory": 0, "cuda_launch_times": [4.856150116, 4.856208082, 0.000000000], "block_times": [6.853022675,7.853020868,6.853022675,7.853020836,6.853022675,7.853021060,6.853022675,7.853020868,6.853022643,7.853020836,6.853022675,7.853020868,6.853022707,7.853020900,6.853022643,7.853020804,6.853022675,7.853020836,6.853022707,7.853020900,6.853022707,7.853020900,6.853022675,7.853021060,6.853022675,7.853020868,6.853022707,7.853020900,6.853022675,7.853021060,6.853022675,7.853020868,6.853022707,7.853020868,6.853022675,7.853020868,6.853022643,7.853020836,6.853022739,7.853020900,6.853022675,7.853020868,6.853022707,7.853020868,6.853022739,7.853020900,6.853022707,7.853020900,6.853022643,7.853020836,6.853022675,7.853021060,6.853022707,7.853020900,6.853022707,7.853020900,6.853022707,7.853020900,6.853022675,7.853021060,6.853022675,7.853020868,6.853022771,7.853020932,6.853022771,7.853020964,6.853022707,7.853020900,6.853022707,7.853020868,6.853022707,7.853020900,6.853022771,7.853020932,6.853022739,7.853020900,6.853022835,7.853021028,6.853022867,7.853021028,6.853022835,7.853021028,6.853022835,7.853021252,6.853022803,7.853020996,6.853022835,7.853021316,6.853022899,7.853021092,6.853022931,7.853021092,6.853022931,7.853021156,6.853033395,7.853057124,6.853033395,7.853067044,6.853033395,7.853058788,6.853033427,7.853073028,6.853033427,7.853072996,6.853033427,7.853073028,6.853048499,7.853046660,6.853048499,7.853046660,6.853048531,7.853046692,6.853048531,7.853046724,6.853048531,7.853046724,6.853048563,7.853046724,6.853051347,7.853066084,6.853051347,7.853066116,6.853051347,7.853066116,6.853051347,7.853066116,6.853051347,7.853066084,6.853051379,7.853066052,6.853051379,7.853066084,6.853057907,7.853088772,6.853057907,7.853088740,6.853057875,7.853088740,6.853057907,7.853088740,6.853057939,7.853088804,6.853057939,7.853088708,6.853057939,7.853088740,6.853086931,7.853085124,6.853086931,7.853085092,6.853086931,7.853085124,6.853086963,7.853085124,6.853086931,7.853085092,6.853086963,7.853085156,6.853086963,7.853085124,6.854193361,7.854222434,6.854193425,7.854222402,6.854193425,7.854206722,6.854193457,7.854191618,6.854193457,7.854206690,6.854193457,7.854222370,6.854193457,7.854191586,6.854193457,7.854205122,6.854193457,7.854191618,6.854193457,7.854206690,6.854193457,7.854222370,6.854193457,7.854205186,6.854193457,7.854222402,6.854193457,7.854206658,6.854193457,7.854222370,6.854193457,7.854206690,6.854193489,7.854205122,6.854193457,7.854206658,6.854193457,7.854205154,6.854193489,7.854205122,6.854193521,7.854205122,6.854193521,7.854222370,6.854193489,7.854205122,6.854193521,7.854191714,6.854193553,7.854191714,6.854193521,7.854191714,6.854216785,7.854254914,6.854216753,7.854254882,6.854216785,7.854254882,6.854216753,7.854254914,6.854216785,7.854254914,6.854216817,7.854254914,6.854216817,7.854254914,6.854220497,7.854218658,6.854220497,7.854218690,6.854220529,7.854218722,6.854220529,7.854218690,6.854220529,7.854218722,6.854220593,7.854218754,6.854220593,7.854218786], "block_smids": [0,2,4,6,8,10,12,14,20,22,24,40,26,30,72,32,34,36,38,40,42,44,46,48,50,52,54,56,60,64,70,72,64,74,76,78,52,4,18,58,62,28,30,16,66,28,16,11,79,59,47,35,23,57,75,45,21,9,33,31,7,19,67,55,77,43,27,39,51,15,3,71,63,41,5,73,17,29,53,65,63,3,79,9,11,39,33,19,45,47,27,31,51,59,71,23,67,35,77,43,55,15,7,21,57,75,1,61,13,37,49,69,25,17,73,65,29,41,5,53], "cpu_core": 4}
]}