{
"scenario_name": "Test 2_2",
"benchmark_name": "Multi-kernel submission",
"label": "K3 and K4",
"max_resident_threads": 163840,
"data_size": 0,
"release_time": 0.000000,
"PID": 30923,
"TID": 31089,
"times": [{},
{"copy_in_times": [4.969888218,4.969889775], "execute_times": [4.969891170,8.969889486], "copy_out_times": [8.969890177,8.969927418], "cpu_times": [4.969888218,8.969927418]},
{"kernel_name": "K3", "block_count": 320, "thread_count": 1024, "shared_memory": 0, "cuda_launch_times": [5.170030622, 5.170093417, 0.000000000], "block_times": [5.170031381,6.170028931,5.170031445,6.170028963,5.170031413,6.170028995,5.170031413,6.170028995,5.170031413,6.170028963,5.170030997,6.170028771,5.170031445,6.170029027,5.170031477,6.170029027,5.170031477,6.170029059,5.170031445,6.170028963,5.170031445,6.170029027,5.170031029,6.170028771,5.170031445,6.170029027,5.170031477,6.170029027,5.170031509,6.170029059,5.170031445,6.170029059,5.170031445,6.170028995,5.170031029,6.170028835,5.170031445,6.170028995,5.170031445,6.170029027,5.170031445,6.170028995,5.170031413,6.170028995,5.170031413,6.170028963,5.170031029,6.170028835,5.170031445,6.170029027,5.170031445,6.170029027,5.170031477,6.170029027,5.170031445,6.170028995,5.170031445,6.170028963,5.170031029,6.170028803,5.170031445,6.170029027,5.170031477,6.170029059,5.170031509,6.170029059,5.170031061,6.170028835,5.170031445,6.170028995,5.170031445,6.170028995,5.170031445,6.170029027,5.170031477,6.170029059,5.170031445,6.170028995,5.170030901,6.170028611,5.170031413,6.170028995,5.170031477,6.170029059,5.170031445,6.170028995,5.170031445,6.170029059,5.170031445,6.170029027,5.170031029,6.170028867,5.170031477,6.170029059,5.170031477,6.170029059,5.170031509,6.170029091,5.170031477,6.170029027,5.170031445,6.170029027,5.170031061,6.170028803,5.170031477,6.170029091,5.170031509,6.170029091,5.170031509,6.170029059,5.170031477,6.170029027,5.170031445,6.170028995,5.170031061,6.170028835,5.170031445,6.170028995,5.170031445,6.170029027,5.170031477,6.170029059,5.170031413,6.170028995,5.170031413,6.170028963,5.170031061,6.170028835,5.170031445,6.170028995,5.170031477,6.170029027,5.170031509,6.170029059,5.170031445,6.170029027,5.170031445,6.170028995,5.170031061,6.170028899,5.170031477,6.170029059,5.170031477,6.170029027,5.170031509,6.170029091,5.170031093,6.170028835,5.170031445,6.170029027,5.170031381,6.170028963,5.170031477,6.170029059,5.170031509,6.170029059,5.170031445,6.170029027,5.170030901,6.170043907,5.170031445,6.170029059,5.170031509,6.170029123,5.170031509,6.170029091,5.170031477,6.170029059,5.170031477,6.170029091,5.170030997,6.170028547,5.170031509,6.170029123,5.170031541,6.170029155,5.170031541,6.170029123,5.170031509,6.170029123,5.170031509,6.170029091,5.170031125,6.170028707,5.170031509,6.170029123,5.170031541,6.170029187,5.170031573,6.170029187,5.170031509,6.170029155,5.170031509,6.170029123,5.170031125,6.170028675,5.170031509,6.170029123,5.170031509,6.170029091,5.170031509,6.170029123,5.170031477,6.170029059,5.170031477,6.170029091,5.170031029,6.170028643,5.170031477,6.170029091,5.170031509,6.170029123,5.170031509,6.170029059,5.170031477,6.170029091,5.170031477,6.170029091,5.170031029,6.170028611,5.170031509,6.170029155,5.170031509,6.170029123,5.170031541,6.170029187,5.170031029,6.170028547,5.170031477,6.170029123,5.170031509,6.170029155,5.170031509,6.170029123,5.170031509,6.170029091,5.170031477,6.170029059,5.170030965,6.170028483,5.170031445,6.170029059,5.170031477,6.170029059,5.170031509,6.170029091,5.170031477,6.170029091,5.170031445,6.170029059,5.170031125,6.170028707,5.170031509,6.170029123,5.170031477,6.170029123,5.170031541,6.170029155,5.170031509,6.170029091,5.170031509,6.170029091,5.170031157,6.170028739,5.170031477,6.170029091,5.170031477,6.170029059,5.170031509,6.170029091,5.170031477,6.170029091,5.170031445,6.170029123,5.170031157,6.170028739,5.170031477,6.170029091,5.170031477,6.170029091,5.170031509,6.170029123,5.170031477,6.170029091,5.170031477,6.170029091,5.170031093,6.170028707,5.170031509,6.170029123,5.170031509,6.170029123,5.170031541,6.170029155,5.170031509,6.170029155,5.170031509,6.170029091,5.170031093,6.170028675,5.170031509,6.170029091,5.170031541,6.170029123,5.170031541,6.170029123,5.170031093,6.170028643,5.170031477,6.170029091,5.170031509,6.170029091,5.170031509,6.170029187,5.170031509,6.170029123,5.170031509,6.170029091,5.969849377,6.969846927,6.170028771,7.170026321,6.170028867,7.170026449,6.170028867,7.170026513,6.170028899,7.170026481,6.170028899,7.170026481,6.170028899,7.170026449,6.170028931,7.170026481,6.170028963,7.170026545,6.170028963,7.170026545,6.170028963,7.170026545,6.170028963,7.170026545,6.170028995,7.170026545,6.170029027,7.170026577,6.170029027,7.170026577,6.170028963,7.170026545,6.170029091,7.170026705,6.170028995,7.170026609,6.170029123,7.170026705,6.170029123,7.170026737,6.170029059,7.170026641,6.170029059,7.170026641,6.170029091,7.170026673,6.170029091,7.170026705,6.170029091,7.170026641,6.170029059,7.170026705,6.170029091,7.170026705,6.170029219,7.170026801,6.170029219,7.170026769,6.170029219,7.170026833,6.170029219,7.170026801,6.170029251,7.170026801,6.170029251,7.170026833,6.170029251,7.170026801,6.170029251,7.170026833,6.170029251,7.170026801,6.170029315,7.170026865,6.170029251,7.170026801,6.170029251,7.170026801,6.170029251,7.170026833,6.170029251,7.170026801,6.170029283,7.170026865,6.170029251,7.170026833,6.170029283,7.170026833,6.170029283,7.170026865,6.170029283,7.170026865,6.170029283,7.170026833,6.170029315,7.170026897,6.170029283,7.170026865,6.170029283,7.170026833,6.170029283,7.170026833,6.170029283,7.170026865,6.170029315,7.170026865,6.170029315,7.170026897,6.170029283,7.170026833,6.170029283,7.170026865,6.170029315,7.170026897,6.170029315,7.170026865,6.170029315,7.170026897,6.170029315,7.170026865,6.170029315,7.170026865,6.170029315,7.170026897,6.170029315,7.170026865,6.170029283,7.170026833,6.170029347,7.170026929,6.170029315,7.170026897,6.170029315,7.170026929,6.170029347,7.170026929,6.170029315,7.170026865,6.170029315,7.170026865,6.170029347,7.170026897,6.170029347,7.170026897,6.170029315,7.170026897,6.170029315,7.170026865,6.170029315,7.170026897,6.170029315,7.170026865,6.170029315,7.170026897,6.170029379,7.170026961,6.170029347,7.170026929,6.170029315,7.170026865,6.170029283,7.170026929,6.170029347,7.170026929,6.170029315,7.170026897,6.170029347,7.170026897,6.170029347,7.170026929,6.170029315,7.170026961,6.170029379,7.170026929,6.170029347,7.170026897,6.170029347,7.170026929,6.170029315,7.170026929,6.170029379,7.170026929,6.170029347,7.170026993,6.170029347,7.170026929,6.170029379,7.170027025,6.170029347,7.170026929,6.170029315,7.170026929,6.170029347,7.170026929,6.170029379,7.170026929,6.170029379,7.170026929,6.170029315,7.170026929,6.170029347,7.170027025,6.170029347,7.170026929,6.170029347,7.170026961,6.170029411,7.170027025,6.170029315,7.170026961,6.170029315,7.170026993,6.170029347,7.170027025,6.170029315,7.170027025,6.170029379,7.170026993,6.170029347,7.170026993,6.170029379,7.170027025,6.170029411,7.170027025,6.170029347,7.170026993,6.170029379,7.170027025,6.170029379,7.170026993,6.170029379,7.170027025,6.170029379,7.170026961,6.170029411,7.170026993,6.170029379,7.170027057,6.170029379,7.170026993,6.170029443,7.170027057,6.170029379,7.170026993,6.170029347,7.170026993,6.170029347,7.170026929,6.170029379,7.170027057,6.170029411,7.170027025,6.170029411,7.170027025,6.170029411,7.170026993,6.170029347,7.170026993,6.170029379,7.170027025,6.170029379,7.170026993,6.170029443,7.170027025,6.170029411,7.170026993,6.170029379,7.170026993,6.170029411,7.170026993,6.170029411,7.170026961,6.170029411,7.170027025,6.170029379,7.170027057,6.170029411,7.170027057,6.170029379,7.170026993,6.170029443,7.170027025,6.170029411,7.170026993,6.170029411,7.170027025,6.170029475,7.170027121,6.170029411,7.170027057,6.170029443,7.170027057,6.170029411,7.170027057,6.170029411,7.170027057,6.170029411,7.170027025,6.170029411,7.170027025,6.170029411,7.170027057,