{
"scenario_name": "Test 9",
"benchmark_name": "Multi-kernel submission",
"label": "K1",
"max_resident_threads": 163840,
"data_size": 0,
"release_time": 0.000000,
"PID": 35153,
"TID": 35314,
"times": [{},
{"copy_in_times": [4.897442452,4.897443084], "execute_times": [4.897443590,6.897503044], "copy_out_times": [6.897503628,6.897535288], "cpu_times": [4.897442452,6.897535288]},
{"kernel_name": "K1", "block_count": 80, "thread_count": 1024, "shared_memory": 0, "cuda_launch_times": [4.897444274, 4.897470778, 0.000000000], "block_times": [4.897461004,6.897463304,4.897460972,6.897469320,4.897460972,6.897457864,4.897460972,6.897465864,4.897460972,6.897478568,4.897461004,6.897495400,4.897461036,6.897463272,4.897460972,6.897469928,4.897461004,6.897457896,4.897461004,6.897465864,4.897460972,6.897478600,4.897461004,6.897495336,4.897461036,6.897463272,4.897461004,6.897462984,4.897461004,6.897457896,4.897461036,6.897465864,4.897460972,6.897478600,4.897461036,6.897495368,4.897461004,6.897463304,4.897461004,6.897469928,4.897460972,6.897457864,4.897461004,6.897465832,4.897460972,6.897478568,4.897461004,6.897495400,4.897461004,6.897463240,4.897461036,6.897469864,4.897460972,6.897457832,4.897461036,6.897465800,4.897460972,6.897478632,4.897461004,6.897495400,4.897461004,6.897463240,4.897461004,6.897469896,4.897460972,6.897457832,4.897461004,6.897465832,4.897461036,6.897463272,4.897461004,6.897469896,4.897461004,6.897457896,4.897460972,6.897478632,4.897461036,6.897465832,4.897461004,6.897495368,4.897461036,6.897463240,4.897460972,6.897469896,4.897461004,6.897457864,4.897461004,6.897465832,4.897460972,6.897478600,4.897461004,6.897495400,4.897461068,6.897463240,4.897461036,6.897469928,4.897461036,6.897457928,4.897461036,6.897465800,4.897461004,6.897478568,4.897461036,6.897495368,4.897461068,6.897463272,4.897461036,6.897469896,4.897461036,6.897457864,4.897461068,6.897465800,4.897461004,6.897478568,4.897461036,6.897495336,4.897461004,6.897463240,4.897460972,6.897469896,4.897460972,6.897457864,4.897460972,6.897465800,4.897460972,6.897478632,4.897461004,6.897495368,4.897461068,6.897463304,4.897461004,6.897462984,4.897461036,6.897457896,4.897461036,6.897465864,4.897461004,6.897478632,4.897461036,6.897495368,4.897461068,6.897463272,4.897461036,6.897464232,4.897461036,6.897457928,4.897461036,6.897465832,4.897461036,6.897463272,4.897461004,6.897469928,4.897461004,6.897457864,4.897461004,6.897478568,4.897461036,6.897465864,4.897461036,6.897495368], "block_smids": [0,2,4,6,8,10,12,14,16,18,20,22,24,26,28,30,32,34,36,38,40,42,44,46,48,50,52,54,56,58,60,62,64,66,68,70,72,74,76,78,1,3,5,7,9,11,13,15,17,19,21,23,25,27,29,31,33,35,37,39,41,43,45,47,49,51,53,55,57,59,61,63,65,67,69,71,73,75,77,79], "cpu_core": 1}
]}