{
"scenario_name": "Test 9_1",
"benchmark_name": "Multi-kernel submission",
"label": "K9",
"max_resident_threads": 163840,
"data_size": 0,
"release_time": 0.000000,
"PID": 34478,
"TID": 34653,
"times": [{},
{"copy_in_times": [4.758795683,4.758797148], "execute_times": [4.758798549,15.758787066], "copy_out_times": [15.758790105,15.758868894], "cpu_times": [4.758795683,15.758868894]},
{"kernel_name": "K3", "block_count": 320, "thread_count": 1024, "shared_memory": 40960, "cuda_launch_times": [4.759888909, 4.759943126, 0.000000000], "block_times": [7.758842858,11.758839224,7.758842890,11.758839224,7.758842922,11.758839064,7.758842922,11.758839064,7.758842922,11.758839224,7.758842890,11.758839256,7.758842890,11.758839032,7.758842922,11.758839064,7.758842922,11.758839096,7.758842922,11.758839064,7.758842922,11.758839224,7.758842890,11.758839256,7.758842922,11.758839160,7.758842922,11.758839128,7.758842954,11.758839192,7.758842922,11.758839064,7.758842954,11.758839288,7.758842922,11.758839288,7.758842922,11.758839096,7.758842922,11.758839288,7.758842922,11.758839288,7.758842954,11.758839320,7.758842922,11.758839288,7.758842954,11.758839128,7.758842922,11.758839288,7.758842954,11.758839320,7.758842922,11.758839256,7.758842922,11.758839288,7.758842954,11.758839128,7.758842922,11.758839288,7.758842922,11.758839256,7.758842922,11.758839096,7.758842922,11.758839064,7.758842954,11.758839096,7.758842922,11.758839096,7.758842954,11.758839096,7.758842954,11.758839096,7.758842922,11.758839064,7.758842922,11.758839128,7.758842922,11.758839256,7.758842954,11.758839288,7.758842890,11.758839224,7.758842954,11.758839288,7.758842922,11.758839288,7.758842954,11.758839288,7.758842954,11.758839288,7.758842954,11.758839288,7.758842954,11.758839256,7.758842922,11.758839096,7.758842954,11.758839256,7.758842922,11.758839096,7.758842954,11.758839288,7.758842954,11.758839160,7.758842890,11.758839064,7.758842922,11.758839288,7.758842922,11.758839064,7.758842954,11.758839320,7.758842954,11.758839288,7.758842922,11.758839096,7.758842954,11.758839256,7.758842954,11.758839128,7.758842954,11.758839320,7.758842922,11.758839288,7.758842954,11.758839096,7.758842922,11.758839288,7.758842954,11.758839288,7.758842954,11.758839320,7.758842922,11.758839288,7.758842954,11.758839128,7.758842890,11.758839096,7.758842954,11.758839288,7.758842922,11.758839288,7.758842954,11.758839320,7.758842954,11.758839288,7.758842890,11.758839032,7.758842954,11.758839256,7.758842986,11.758839352,7.758842954,11.758839320,7.758842986,11.758839352,7.758842954,11.758839320,7.758842954,11.758839288,7.758842986,11.758839352,7.758842890,11.758839256,7.758842954,11.758839288,7.758842954,11.758839320,7.758842890,11.758839224,7.758842954,11.758839288,7.758842922,11.758839288,7.758842954,11.758839352,7.758842986,11.758839352,7.758842954,11.758839320,7.758842922,11.758839288,7.758842890,11.758839256,7.758842954,11.758839288,7.758842922,11.758839256,7.758842954,11.758839288,7.758842954,11.758839352,7.758842922,11.758839288,7.758842890,11.758839192,7.758842986,11.758839160,7.758842922,11.758839096,7.758842954,11.758839224,7.758842922,11.758839064,7.758843018,11.758839192,7.758842986,11.758839160,7.758842986,11.758839192,7.758842954,11.758839224,7.758842954,11.758839128,7.758842986,11.758839160,7.758842986,11.758839160,7.758842954,11.758839128,7.758842954,11.758839128,7.758842922,11.758839128,7.758842954,11.758839128,7.758842954,11.758839192,7.758842954,11.758839096,7.758842954,11.758839128,7.758842954,11.758839096,7.758842954,11.758839128,7.758842954,11.758839192,7.758842954,11.758839160,7.758842954,11.758839128,7.758842954,11.758839128,7.758842922,11.758839192,7.758842922,11.758839096,7.758842954,11.758839128,7.758842986,11.758839160,7.758842986,11.758839128,7.758842954,11.758839256,7.758842922,11.758839064,7.758842954,11.758839128,7.758842986,11.758839320,7.758842954,11.758839160,7.758842986,11.758839160,7.758842954,11.758839096,7.758842954,11.758839128,7.758842954,11.758839224,7.758842986,11.758839160,7.758842954,11.758839096,7.758842954,11.758839128,7.758842954,11.758839096,7.758842922,11.758839128,7.758842954,11.758839096,7.758842922,11.758839096,7.758842954,11.758839128,7.758842922,11.758839224,7.758842922,11.758839064,7.758843018,11.758839224,7.758842922,11.758839128,7.758842954,11.758839096,7.758842922,11.758839224,7.758842954,11.758839128,7.758842986,11.758839160,7.758842954,11.758839128,7.758842922,11.758839224,7.758842954,11.758839096,7.758842954,11.758839128,7.758842986,11.758839128,7.758842922,11.758839096,7.758842954,11.758839160,11.758839320,15.758835910,11.758839320,15.758835814,11.758839320,15.758835526,11.758839352,15.758835878,11.758839352,15.758835558,11.758839352,15.758835814,11.758839352,15.758835494,11.758839352,15.758835526,11.758839352,15.758835526,11.758839352,15.758835526,11.758839384,15.758835814,11.758839384,15.758835590,11.758839352,15.758835750,11.758839352,15.758835494,11.758839352,15.758835974,11.758839352,15.758835526,11.758839352,15.758835526,11.758839416,15.758835782,11.758839384,15.758835526,11.758839416,15.758835814,11.758839384,15.758835590,11.758839416,15.758835590,11.758839384,15.758835558,11.758839384,15.758835590,11.758839384,15.758835558,11.758839384,15.758835526,11.758839384,15.758835782,11.758839416,15.758835590,11.758839384,15.758835558,11.758839384,15.758835558,11.758839384,15.758835846,11.758839416,15.758835622,11.758839384,15.758835558,11.758839384,15.758835558,11.758839384,15.758835590,11.758839384,15.758835590,11.758839384,15.758835590,11.758839384,15.758835558,11.758839416,15.758835558,11.758839416,15.758835846,11.758839384,15.758835590,11.758839416,15.758835590,11.758839448,15.758835590,11.758839416,15.758835622,11.758839416,15.758835590,11.758839416,15.758835814,11.758839416,15.758835558,11.758839416,15.758835622,11.758839416,15.758835558,11.758839416,15.758835622,11.758839416,15.758835782,11.758839416,15.758835558,11.758839416,15.758835590,11.758839416,15.758835622,11.758839416,15.758835590,11.758839448,15.758835622,11.758839416,15.758835590,11.758839448,15.758835590,11.758839416,15.758835622,11.758839416,15.758835590,11.758839448,15.758835654,11.758839416,15.758835526,11.758839448,15.758835654,11.758839416,15.758835590,11.758839416,15.758835590,11.758839448,15.758835622,11.758839448,15.758835622,11.758839480,15.758835622,11.758839448,15.758835654,11.758839448,15.758835622,11.758839448,15.758835622,11.758839448,15.758835654,11.758839416,15.758835590,11.758839480,15.758835654,11.758839480,15.758835686,11.758839416,15.758835622,11.758839448,15.758835654,11.758839480,15.758835654,11.758839448,15.758835654,11.758839448,15.758835654,11.758839480,15.758835686,11.758839416,15.758835622,11.758839448,15.758835622,11.758839416,15.758835622,11.758839480,15.758835686,11.758839416,15.758835622,11.758839416,15.758835590,11.758839448,15.758835686,11.758839480,15.758835686,11.758839640,15.758835782,11.758839480,15.758835654,11.758839480,15.758835686,11.758839448,15.758835654,11.758839448,15.758835718,11.758839480,15.758835654,11.758839448,15.758835654,11.758839480,15.758835750,11.758839448,15.758835718,11.758839448,15.758835686,11.758839480,15.758835686,11.758839480,15.758835718,11.758839512,15.758835782,11.758839512,15.758835686,11.758839480,15.758835718,11.758839480,15.758835750,11.758839480,15.758835718,11.758839480,15.758835718,11.758839640,15.758835814,11.758839480,15.758835718,11.758839480,15.758835750,11.758839480,15.758835718,11.758839480,15.758835654,11.758839480,15.758835750,11.758839512,15.758835718,11.758839480,15.758835718,11.758839480,15.758835750,11.758839672,15.758835878,11.758839512,15.758835814,11.758839512,15.758835750,11.758839640,15.758835814,11.758839512,15.758835686,11.758839512,15.758835718,11.758839640,15.758835814,11.758839672,15.758835878,11.758839640,15.758835814,11.758839512,15.758835750,11.758839512,15.758835782,11.758839512,15.758835718,11.758839640,15.758835814,11.758839512,15.758835750,11.758839672,15.758835878,11.758839544,15.758835782,11.758839512,