{
"scenario_name": "Test 9",
"benchmark_name": "Multi-kernel submission",
"label": "K3",
"max_resident_threads": 163840,
"data_size": 0,
"release_time": 0.000000,
"PID": 35153,
"TID": 35317,
"times": [{},
{"copy_in_times": [4.897443998,4.897445516], "execute_times": [4.897446952,15.898529157], "copy_out_times": [15.898532101,15.898607919], "cpu_times": [4.897443998,15.898607919]},
{"kernel_name": "K3", "block_count": 320, "thread_count": 1024, "shared_memory": 40960, "cuda_launch_times": [4.899547933, 4.899594701, 0.000000000], "block_times": [7.898582292,11.898576140,7.898582292,11.898576140,7.898582324,11.898575948,7.898582324,11.898576012,7.898582324,11.898576172,7.898582324,11.898576172,7.898582356,11.898576012,7.898582324,11.898576140,7.898582356,11.898576172,7.898582324,11.898576172,7.898582324,11.898576172,7.898582324,11.898575980,7.898582356,11.898576012,7.898582356,11.898576012,7.898582356,11.898576012,7.898582356,11.898576012,7.898582356,11.898576076,7.898582324,11.898575948,7.898582356,11.898576076,7.898582292,11.898575916,7.898582356,11.898575980,7.898582324,11.898575948,7.898582356,11.898576012,7.898582324,11.898576140,7.898582324,11.898576140,7.898582356,11.898576012,7.898582324,11.898575980,7.898582324,11.898576012,7.898582356,11.898575980,7.898582356,11.898575980,7.898582292,11.898575916,7.898582356,11.898576172,7.898582356,11.898576012,7.898582324,11.898576140,7.898582356,11.898576204,7.898582356,11.898576012,7.898582324,11.898575948,7.898582356,11.898575980,7.898582356,11.898576012,7.898582356,11.898576044,7.898582356,11.898576172,7.898582356,11.898576012,7.898582356,11.898576172,7.898582324,11.898575948,7.898582356,11.898576172,7.898582324,11.898575980,7.898582324,11.898576012,7.898582356,11.898575980,7.898582292,11.898575980,7.898582324,11.898576140,7.898582356,11.898576012,7.898582356,11.898576140,7.898582324,11.898576012,7.898582356,11.898576172,7.898582324,11.898575948,7.898582356,11.898576172,7.898582324,11.898576012,7.898582356,11.898576204,7.898582292,11.898575948,7.898582388,11.898576204,7.898582324,11.898576140,7.898582356,11.898576172,7.898582356,11.898576204,7.898582356,11.898576140,7.898582356,11.898576204,7.898582324,11.898576108,7.898582356,11.898576012,7.898582356,11.898576172,7.898582356,11.898576172,7.898582356,11.898576012,7.898582356,11.898576236,7.898582356,11.898575980,7.898582356,11.898576012,7.898582356,11.898576236,7.898582356,11.898576204,7.898582292,11.898575916,7.898582356,11.898576012,7.898582356,11.898576204,7.898582356,11.898576204,7.898582356,11.898575980,7.898582356,11.898576012,7.898582356,11.898576140,7.898582356,11.898576204,7.898582292,11.898575916,7.898582356,11.898575980,7.898582324,11.898576172,7.898582356,11.898576012,7.898582356,11.898576236,7.898582324,11.898576172,7.898582324,11.898576076,7.898582324,11.898576076,7.898582356,11.898575980,7.898582324,11.898575948,7.898582324,11.898576076,7.898582324,11.898575948,7.898582324,11.898576044,7.898582356,11.898576076,7.898582356,11.898576012,7.898582356,11.898576012,7.898582356,11.898576076,7.898582356,11.898576140,7.898582356,11.898576108,7.898582356,11.898576012,7.898582356,11.898575980,7.898582356,11.898576108,7.898582324,11.898576108,7.898582324,11.898576076,7.898582356,11.898575980,7.898582356,11.898576012,7.898582324,11.898576108,7.898582356,11.898576108,7.898582356,11.898576044,7.898582356,11.898575980,7.898582324,11.898576076,7.898582356,11.898576140,7.898582388,11.898576076,7.898582324,11.898575980,7.898582324,11.898576076,7.898582356,11.898576076,7.898582356,11.898576012,7.898582356,11.898576108,7.898582356,11.898576012,7.898582356,11.898576012,7.898582356,11.898576140,7.898582324,11.898576044,7.898582324,11.898576012,7.898582324,11.898575948,7.898582324,11.898576012,7.898582292,11.898575980,7.898582388,11.898576140,7.898582356,11.898576044,7.898582388,11.898576012,7.898582356,11.898576044,7.898582356,11.898576108,7.898582356,11.898576076,7.898582356,11.898576140,7.898582388,11.898576012,7.898582388,11.898576044,7.898582356,11.898576076,7.898582356,11.898576044,7.898582324,11.898576076,7.898582324,11.898576012,7.898582356,11.898575980,7.898582324,11.898576108,7.898582356,11.898576076,7.898582356,11.898576076,7.898582356,11.898576012,7.898582356,11.898576044,7.898582356,11.898576076,7.898582324,11.898575980,7.898582356,11.898576108,7.898582356,11.898576076,7.898582356,11.898576012,7.898582388,11.898576012,7.898582356,11.898576044,7.898582356,11.898576076,7.898582356,11.898576012,7.898582356,11.898576108,7.898582356,11.898575980,7.898582356,11.898576044,11.898576172,15.898570276,11.898576172,15.898569828,11.898576172,15.898569828,11.898576236,15.898569892,11.898576204,15.898569892,11.898576236,15.898570180,11.898576236,15.898570340,11.898576236,15.898570180,11.898576236,15.898570308,11.898576236,15.898569892,11.898576268,15.898570244,11.898576236,15.898570276,11.898576236,15.898570276,11.898576300,15.898570340,11.898576236,15.898570148,11.898576268,15.898569924,11.898576268,15.898569892,11.898576236,15.898569892,11.898576236,15.898570372,11.898576300,15.898569988,11.898576268,15.898570372,11.898576236,15.898569924,11.898576268,15.898569924,11.898576268,15.898570308,11.898576268,15.898569924,11.898576268,15.898569924,11.898576268,15.898570212,11.898576268,15.898570308,11.898576300,15.898569956,11.898576300,15.898570180,11.898576268,15.898570372,11.898576268,15.898569924,11.898576300,15.898569956,11.898576300,15.898569924,11.898576300,15.898570372,11.898576268,15.898570212,11.898576268,15.898569924,11.898576268,15.898570340,11.898576268,15.898569892,11.898576268,15.898570116,11.898576300,15.898569924,11.898576268,15.898569892,11.898576268,15.898570372,11.898576300,15.898569956,11.898576300,15.898570180,11.898576300,15.898569924,11.898576300,15.898569956,11.898576300,15.898570244,11.898576300,15.898570404,11.898576332,15.898569988,11.898576300,15.898570180,11.898576300,15.898569988,11.898576300,15.898570244,11.898576332,15.898569988,11.898576300,15.898569956,11.898576300,15.898570148,11.898576332,15.898569988,11.898576364,15.898570276,11.898576300,15.898569956,11.898576300,15.898570244,11.898576332,15.898570020,11.898576332,15.898569988,11.898576364,15.898570308,11.898576332,15.898569956,11.898576364,15.898570020,11.898576332,15.898570404,11.898576268,15.898569988,11.898576332,15.898570020,11.898576332,15.898570212,11.898576332,15.898570052,11.898576332,15.898569988,11.898576332,15.898570372,11.898576332,15.898569988,11.898576364,15.898570244,11.898576300,15.898569956,11.898576364,15.898570020,11.898576332,15.898570436,11.898576396,15.898570020,11.898576364,15.898570308,11.898576332,15.898570020,11.898576364,15.898570212,11.898576364,15.898570340,11.898576492,15.898570148,11.898576332,15.898570212,11.898576300,15.898569988,11.898576332,15.898570020,11.898576300,15.898569924,11.898576332,15.898570052,11.898576332,15.898570020,11.898576332,15.898570084,11.898576332,15.898570052,11.898576364,15.898570052,11.898576332,15.898570020,11.898576364,15.898570116,11.898576364,15.898569988,11.898576332,15.898570052,11.898576332,15.898570084,11.898576364,15.898570084,11.898576332,15.898570084,11.898576364,15.898570084,11.898576364,15.898570020,11.898576332,15.898570084,11.898576332,15.898569988,11.898576364,15.898570116,11.898576332,15.898570116,11.898576364,15.898570084,11.898576492,15.898570148,11.898576332,15.898569988,11.898576364,15.898570052,11.898576364,15.898570020,11.898576364,15.898570052,11.898576364,15.898569988,11.898576364,15.898570020,11.898576524,15.898570212,11.898576364,15.898570116,11.898576396,15.898570084,11.898576396,15.898570148,11.898576364,15.898570084,11.898576364,15.898569988,11.898576396,15.898570116,11.898576492,15.898570116,11.898576364,15.898569988,11.898576556,15.898570244,11.898576364,15.898570052,11.898576364,15.898570116,11.898576396,15.898570084,11.898576364,15.898570052,11.898576524,15.898570180,11.898576396,15.898570084,11.898576364,15.898570116,11.898576364,15.898570052,11.898576396,15.898570084,11.898576556,