{
"scenario_name": "Test 9",
"benchmark_name": "Multi-kernel submission",
"label": "K2",
"max_resident_threads": 163840,
"data_size": 0,
"release_time": 0.000000,
"PID": 35153,
"TID": 35315,
"times": [{},
{"copy_in_times": [4.897443733,4.897445226], "execute_times": [4.897446638,7.898596939], "copy_out_times": [7.898599765,7.898654754], "cpu_times": [4.897443733,7.898654754]},
{"kernel_name": "K2", "block_count": 80, "thread_count": 1024, "shared_memory": 0, "cuda_launch_times": [4.898549494, 4.898599199, 0.000000000], "block_times": [4.898586154,7.898581396,4.898586154,7.898581396,4.898586154,7.898581396,4.898586154,7.898581428,4.898586186,7.898581428,4.898586154,7.898581396,4.898586154,7.898581396,4.898586154,7.898581428,4.898586186,7.898581428,4.898586154,7.898581428,4.898586154,7.898581428,4.898586154,7.898581396,4.898586154,7.898581396,4.898586186,7.898581428,4.898586186,7.898581460,4.898586186,7.898581428,4.898586186,7.898581428,4.898586154,7.898581396,4.898586154,7.898581428,4.898586154,7.898581364,4.898586186,7.898581460,4.898586154,7.898581428,4.898586186,7.898581428,4.898586154,7.898581428,4.898586186,7.898581460,4.898586154,7.898581396,4.898586186,7.898581428,4.898586154,7.898581396,4.898586218,7.898581460,4.898586154,7.898581428,4.898586186,7.898581492,4.898586186,7.898581428,4.898586250,7.898581492,4.898586186,7.898581428,4.898586186,7.898581460,4.898586186,7.898581428,4.898586218,7.898581492,4.898586218,7.898581460,4.898586186,7.898581460,4.898586154,7.898581428,4.898586186,7.898581460,4.898586218,7.898581460,4.898586218,7.898581460,4.898586186,7.898581460,4.898586186,7.898581428,4.898586186,7.898581460,4.898586186,7.898581492,4.898586186,7.898581460,4.898586218,7.898581492,4.898586218,7.898581492,4.898586218,7.898581492,4.898586186,7.898581428,4.898586186,7.898581460,4.898586218,7.898581460,4.898586218,7.898581492,4.898586186,7.898581460,4.898586218,7.898581428,4.898586154,7.898581428,4.898586218,7.898581492,4.898586186,7.898581428,4.898586218,7.898581460,4.898586218,7.898581492,4.898586218,7.898581460,4.898586154,7.898581396,4.898586218,7.898581460,4.898586186,7.898581428,4.898586218,7.898581492,4.898586186,7.898581460,4.898586218,7.898581460,4.898586186,7.898581428,4.898586218,7.898581492,4.898586186,7.898581428,4.898586250,7.898581492,4.898586218,7.898581492,4.898586218,7.898581492,4.898586250,7.898581492,4.898586250,7.898581492,4.898586250,7.898581492,4.898586218,7.898581460,4.898586186,7.898581460], "block_smids": [0,2,4,6,8,10,12,14,16,18,20,22,24,26,28,30,32,34,36,38,40,42,44,46,48,50,52,54,56,58,60,62,64,66,68,70,72,74,76,78,1,3,5,7,9,11,13,15,17,19,21,23,25,27,29,31,33,35,37,39,41,43,45,47,49,51,53,55,57,59,61,63,65,67,69,71,73,75,77,79], "cpu_core": 2}
]}