{
"scenario_name": "Test 9_1",
"benchmark_name": "Multi-kernel submission",
"label": "K1",
"max_resident_threads": 163840,
"data_size": 0,
"release_time": 0.000000,
"PID": 34901,
"TID": 35061,
"times": [{},
{"copy_in_times": [4.821934408,4.821934950], "execute_times": [4.821935461,17.821899347], "copy_out_times": [17.821902273,17.821972112], "cpu_times": [4.821934408,17.821972112]},
{"kernel_name": "K1", "block_count": 80, "thread_count": 1024, "shared_memory": 0, "cuda_launch_times": [4.823996168, 4.824011071, 0.000000000], "block_times": [15.822043184,17.822050296,15.822043152,17.822050488,15.822043184,17.822050296,15.822043184,17.822050296,15.822043152,17.822050520,15.822043184,17.822050552,15.822043184,17.822050328,15.822043216,17.822050328,15.822043216,17.822050552,15.822043184,17.822050328,15.822043216,17.822050360,15.822043216,17.822050360,15.822043184,17.822050520,15.822043216,17.822050360,15.822043184,17.822050520,15.822043216,17.822050328,15.822043184,17.822050520,15.822043216,17.822050360,15.822043216,17.822050584,15.822043216,17.822050584,15.822043216,17.822050360,15.822043280,17.822050552,15.822043216,17.822050360,15.822043248,17.822050392,15.822043216,17.822050328,15.822043248,17.822050392,15.822043280,17.822050424,15.822043248,17.822050360,15.822043280,17.822050392,15.822043248,17.822050360,15.822043280,17.822050392,15.822043280,17.822050616,15.822043248,17.822050360,15.822043248,17.822050392,15.822043280,17.822050424,15.822043344,17.822050456,15.822043344,17.822050456,15.822043344,17.822050488,15.822043344,17.822050488,15.822043248,17.822050360,15.822043280,17.822050392,15.822043280,17.822050392,15.822043280,17.822050392,15.822043280,17.822050392,15.822043344,17.822050488,15.822043312,17.822050424,15.822043216,17.822050328,15.822043376,17.822050520,15.822043312,17.822050424,15.822043376,17.822050488,15.822043312,17.822050520,15.822043312,17.822050456,15.822043344,17.822050456,15.822043376,17.822050520,15.822043216,17.822050392,15.822043280,17.822050456,15.822043312,17.822050456,15.822043280,17.822050424,15.822043312,17.822050424,15.822043280,17.822050392,15.822043408,17.822050552,15.822043376,17.822050488,15.822043312,17.822050488,15.822043312,17.822050456,15.822043408,17.822050552,15.822043312,17.822050424,15.822043312,17.822050456,15.822043312,17.822050488,15.822043280,17.822050456,15.822043312,17.822050488,15.822043344,17.822050520,15.822043344,17.822050424,15.822043312,17.822050424,15.822043280,17.822050488,15.822043408,17.822050552,15.822043312,17.822050456,15.822043280,17.822050456,15.822043280,17.822050488,15.822043280,17.822050488,15.822043344,17.822050488], "block_smids": [48,69,38,61,37,24,2,50,25,39,0,51,60,71,68,27,12,3,36,49,63,46,13,62,15,70,73,14,72,26,34,59,1,69,16,18,6,42,66,37,29,68,11,23,54,17,49,55,52,67,70,51,46,7,24,39,4,12,78,60,44,30,3,36,20,10,47,63,25,15,73,59,40,50,9,35,2,38,71,22], "cpu_core": 1}
]}