{
"scenario_name": "Test 9_1",
"benchmark_name": "Multi-kernel submission",
"label": "K2",
"max_resident_threads": 163840,
"data_size": 0,
"release_time": 0.000000,
"PID": 34901,
"TID": 35062,
"times": [{},
{"copy_in_times": [4.821935736,4.821937128], "execute_times": [4.821938409,7.822006452], "copy_out_times": [7.822009814,7.822085131], "cpu_times": [4.821935736,7.822085131]},
{"kernel_name": "K2", "block_count": 80, "thread_count": 1024, "shared_memory": 0, "cuda_launch_times": [4.821940003, 4.821988756, 0.000000000], "block_times": [4.822002964,7.822013616,4.822002996,7.822013616,4.822002996,7.822013616,4.822002996,7.822013584,4.822002964,7.822013616,4.822002964,7.822013584,4.822002996,7.822013616,4.822003028,7.822013680,4.822002996,7.822013648,4.822002996,7.822013680,4.822002996,7.822013616,4.822002996,7.822013616,4.822002996,7.822013584,4.822002996,7.822013648,4.822002996,7.822013648,4.822002996,7.822013648,4.822002996,7.822013616,4.822002964,7.822013584,4.822002964,7.822013616,4.822002996,7.822013648,4.822002996,7.822013616,4.822002996,7.822013616,4.822002996,7.822013616,4.822002964,7.822013584,4.822002996,7.822013616,4.822003028,7.822013680,4.822003028,7.822013680,4.822003028,7.822013648,4.822002996,7.822013648,4.822002996,7.822013616,4.822003028,7.822013648,4.822002996,7.822013616,4.822003028,7.822013680,4.822002996,7.822013648,4.822002964,7.822013616,4.822002996,7.822013616,4.822002996,7.822013584,4.822002996,7.822013616,4.822002996,7.822013616,4.822002996,7.822013616,4.822003028,7.822013648,4.822002996,7.822013648,4.822003028,7.822013680,4.822002996,7.822013616,4.822002996,7.822013648,4.822002964,7.822013584,4.822003028,7.822013680,4.822003028,7.822013648,4.822003028,7.822013680,4.822003028,7.822013648,4.822003028,7.822013680,4.822003028,7.822013648,4.822002996,7.822013648,4.822003060,7.822013648,4.822003060,7.822013680,4.822003060,7.822013680,4.822003028,7.822013648,4.822002996,7.822013616,4.822002964,7.822013584,4.822002996,7.822013616,4.822002996,7.822013616,4.822002996,7.822013616,4.822002996,7.822013648,4.822002964,7.822013584,4.822002996,7.822013648,4.822002996,7.822013680,4.822003028,7.822013648,4.822002996,7.822013648,4.822002964,7.822013616,4.822002996,7.822013648,4.822002996,7.822013616,4.822003028,7.822013680,4.822002996,7.822013616,4.822003028,7.822013680,4.822002996,7.822013616,4.822003028,7.822013680,4.822002996,7.822013616,4.822003028,7.822013680,4.822003028,7.822013648,4.822002964,7.822013616], "block_smids": [0,2,4,6,8,10,12,14,16,18,20,22,24,26,28,30,32,34,36,38,40,42,44,46,48,50,52,54,56,58,60,62,64,66,68,70,72,74,76,78,1,3,5,7,9,11,13,15,17,19,21,23,25,27,29,31,33,35,37,39,41,43,45,47,49,51,53,55,57,59,61,63,65,67,69,71,73,75,77,79], "cpu_core": 2}
]}