{
"scenario_name": "Three Streams 2_2",
"benchmark_name": "Multi-kernel submission",
"label": "K2",
"max_resident_threads": 163840,
"data_size": 0,
"release_time": 0.000000,
"PID": 25728,
"TID": 25889,
"times": [{},
{"copy_in_times": [4.758637244,4.758638666], "execute_times": [4.758639948,5.758706776], "copy_out_times": [5.758707426,5.758733961], "cpu_times": [4.758637244,5.758733961]},
{"kernel_name": "K2", "block_count": 80, "thread_count": 1023, "shared_memory": 0, "cuda_launch_times": [4.758641561, 4.758710819, 0.000000000], "block_times": [4.758808285,5.758831612,4.758808317,5.758831580,4.758808317,5.758831644,4.758808285,5.758831580,4.758808317,5.758831644,4.758808285,5.758831580,4.758808317,5.758831612,4.758808317,5.758831580,4.758808317,5.758831644,4.758808317,5.758831644,4.758808317,5.758831644,4.758808285,5.758831612,4.758808317,5.758831580,4.758808317,5.758831612,4.758808349,5.758831676,4.758808317,5.758831644,4.758808317,5.758831612,4.758808285,5.758831612,4.758808285,5.758831612,4.758808317,5.758831644,4.758808317,5.758831612,4.758808285,5.758831580,4.758808317,5.758831644,4.758808285,5.758831612,4.758808317,5.758831644,4.758808317,5.758831612,4.758808381,5.758831676,4.758808317,5.758831612,4.758808349,5.758831644,4.758808317,5.758831580,4.758808317,5.758831644,4.758808317,5.758831612,4.758808349,5.758831676,4.758808317,5.758831612,4.758808317,5.758831612,4.758808317,5.758831612,4.758808381,5.758831708,4.758808349,5.758831676,4.758808317,5.758831612,4.758808317,5.758831580,4.758808317,5.758831612,4.758808349,5.758831644,4.758808349,5.758831644,4.758808317,5.758831644,4.758808381,5.758831676,4.758808317,5.758831612,4.758808317,5.758831644,4.758808349,5.758831612,4.758808349,5.758831644,4.758808381,5.758831676,4.758808349,5.758831676,4.758808317,5.758831612,4.758808349,5.758831644,4.758808317,5.758831612,4.758808349,5.758831676,4.758808349,5.758831676,4.758808349,5.758831644,4.758808317,5.758831612,4.758808317,5.758831612,4.758808349,5.758831644,4.758808349,5.758831676,4.758808349,5.758831644,4.758808349,5.758831644,4.758808317,5.758831644,4.758808349,5.758831644,4.758808349,5.758831644,4.758808381,5.758831708,4.758808317,5.758831644,4.758808381,5.758831676,4.758808317,5.758831612,4.758808381,5.758831708,4.758808349,5.758831644,4.758808381,5.758831708,4.758808381,5.758831676,4.758808381,5.758831708,4.758808381,5.758831676,4.758808381,5.758831676,4.758808381,5.758831676,4.758808381,5.758831676,4.758808349,5.758831676], "block_smids": [0,2,4,6,8,10,12,14,16,18,20,22,24,26,28,30,32,34,36,38,40,42,44,46,48,50,52,54,56,58,60,62,64,66,68,70,72,74,76,78,1,3,5,7,9,11,13,15,17,19,21,23,25,27,29,31,33,35,37,39,41,43,45,47,49,51,53,55,57,59,61,63,65,67,69,71,73,75,77,79], "cpu_core": 2}
]}