{
"scenario_name": "Three Streams 2",
"benchmark_name": "Multi-kernel submission",
"label": "K1",
"max_resident_threads": 163840,
"data_size": 0,
"release_time": 0.000000,
"PID": 23086,
"TID": 23258,
"times": [{},
{"copy_in_times": [4.772775191,4.772775897], "execute_times": [4.772776403,5.772802600], "copy_out_times": [5.772803275,5.772833560], "cpu_times": [4.772775191,5.772833560]},
{"kernel_name": "K1", "block_count": 80, "thread_count": 1024, "shared_memory": 0, "cuda_launch_times": [4.772777167, 4.772800026, 0.000000000], "block_times": [4.772910440,5.772935806,4.772910408,5.772935774,4.772910408,5.772935742,4.772910440,5.772935774,4.772910408,5.772935774,4.772910440,5.772935806,4.772910472,5.772935806,4.772910472,5.772935838,4.772910408,5.772935806,4.772910472,5.772935806,4.772910440,5.772935774,4.772910472,5.772935838,4.772910472,5.772935838,4.772910440,5.772935806,4.772910408,5.772935742,4.772910472,5.772935838,4.772910408,5.772935774,4.772910472,5.772935838,4.772910440,5.772935774,4.772910440,5.772935742,4.772910408,5.772935742,4.772910440,5.772935774,4.772910408,5.772935774,4.772910472,5.772935806,4.772910472,5.772935806,4.772910472,5.772935838,4.772910440,5.772935806,4.772910472,5.772935838,4.772910440,5.772935806,4.772910504,5.772935838,4.772910504,5.772935870,4.772910408,5.772935774,4.772910440,5.772935806,4.772910440,5.772935806,4.772910440,5.772935774,4.772910440,5.772935806,4.772910408,5.772935806,4.772910472,5.772935806,4.772910472,5.772935806,4.772910504,5.772935870,4.772910504,5.772935870,4.772910408,5.772935774,4.772910472,5.772935806,4.772910440,5.772935774,4.772910440,5.772935806,4.772910472,5.772935838,4.772910504,5.772935838,4.772910472,5.772935838,4.772910472,5.772935806,4.772910472,5.772935870,4.772910472,5.772935806,4.772910504,5.772935838,4.772910504,5.772935838,4.772910504,5.772935838,4.772910472,5.772935838,4.772910504,5.772935870,4.772910472,5.772935806,4.772910504,5.772935870,4.772910472,5.772935806,4.772910440,5.772935806,4.772910440,5.772935806,4.772910440,5.772935774,4.772910440,5.772935806,4.772910472,5.772935806,4.772910504,5.772935870,4.772910440,5.772935774,4.772910440,5.772935774,4.772910472,5.772935806,4.772910440,5.772935806,4.772910472,5.772935838,4.772910472,5.772935838,4.772910472,5.772935806,4.772910440,5.772935774,4.772910504,5.772935870,4.772910472,5.772935806,4.772910472,5.772935838,4.772910408,5.772935742,4.772910408,5.772935774,4.772910472,5.772935806,4.772910472,5.772935838], "block_smids": [0,2,4,6,8,10,12,14,16,18,20,22,24,26,28,30,32,34,36,38,40,42,44,46,48,50,52,54,56,58,60,62,64,66,68,70,72,74,76,78,1,3,5,7,9,11,13,15,17,19,21,23,25,27,29,31,33,35,37,39,41,43,45,47,49,51,53,55,57,59,61,63,65,67,69,71,73,75,77,79], "cpu_core": 1}
]}