{
"scenario_name": "Three Streams 2_2",
"benchmark_name": "Multi-kernel submission",
"label": "K1",
"max_resident_threads": 163840,
"data_size": 0,
"release_time": 0.000000,
"PID": 25728,
"TID": 25888,
"times": [{},
{"copy_in_times": [4.758636265,4.758636861], "execute_times": [4.758637371,5.758781270], "copy_out_times": [5.758782179,5.758807674], "cpu_times": [4.758636265,5.758807674]},
{"kernel_name": "K1", "block_count": 80, "thread_count": 1024, "shared_memory": 0, "cuda_launch_times": [4.758637985, 4.758662943, 0.000000000], "block_times": [4.758765212,5.758796763,4.758765180,5.758788507,4.758765180,5.758788507,4.758765212,5.758804187,4.758765180,5.758788507,4.758765212,5.758788507,4.758765244,5.758796795,4.758765180,5.758788475,4.758765212,5.758788507,4.758765212,5.758804219,4.758765180,5.758788539,4.758765212,5.758788507,4.758765244,5.758796827,4.758765212,5.758788539,4.758765212,5.758788539,4.758765244,5.758804219,4.758765212,5.758788507,4.758765212,5.758788539,4.758765212,5.758796795,4.758765180,5.758788507,4.758765180,5.758788475,4.758765212,5.758804219,4.758765180,5.758788507,4.758765212,5.758788507,4.758765244,5.758796795,4.758765212,5.758788539,4.758765180,5.758788475,4.758765244,5.758804219,4.758765180,5.758788507,4.758765212,5.758788539,4.758765276,5.758796795,4.758765180,5.758788507,4.758765180,5.758788507,4.758765212,5.758804219,4.758765212,5.758796795,4.758765212,5.758788507,4.758765180,5.758788507,4.758765180,5.758788475,4.758765212,5.758804219,4.758765212,5.758788539,4.758765244,5.758796763,4.758765180,5.758788507,4.758765212,5.758788507,4.758765212,5.758804219,4.758765180,5.758788475,4.758765212,5.758788539,4.758765276,5.758796763,4.758765212,5.758788507,4.758765244,5.758788571,4.758765244,5.758804155,4.758765212,5.758788507,4.758765244,5.758788571,4.758765276,5.758796795,4.758765244,5.758788571,4.758765244,5.758788571,4.758765276,5.758804187,4.758765212,5.758788507,4.758765244,5.758788571,4.758765212,5.758796795,4.758765148,5.758788475,4.758765180,5.758788507,4.758765180,5.758804219,4.758765180,5.758788507,4.758765212,5.758788507,4.758765244,5.758796763,4.758765212,5.758788539,4.758765212,5.758788539,4.758765244,5.758804155,4.758765212,5.758788539,4.758765244,5.758788539,4.758765244,5.758796763,4.758765212,5.758788507,4.758765212,5.758788507,4.758765244,5.758804219,4.758765244,5.758796827,4.758765212,5.758788507,4.758765212,5.758788539,4.758765212,5.758788539,4.758765212,5.758804155,4.758765244,5.758788603], "block_smids": [0,2,4,6,8,10,12,14,16,18,20,22,24,26,28,30,32,34,36,38,40,42,44,46,48,50,52,54,56,58,60,62,64,66,68,70,72,74,76,78,1,3,5,7,9,11,13,15,17,19,21,23,25,27,29,31,33,35,37,39,41,43,45,47,49,51,53,55,57,59,61,63,65,67,69,71,73,75,77,79], "cpu_core": 1}
]}