{
"scenario_name": "Three Streams 2",
"benchmark_name": "Multi-kernel submission",
"label": "K3",
"max_resident_threads": 163840,
"data_size": 0,
"release_time": 0.000000,
"PID": 23086,
"TID": 23260,
"times": [{},
{"copy_in_times": [4.772776599,4.772778050], "execute_times": [4.772779454,5.772968788], "copy_out_times": [5.772969543,5.772993983], "cpu_times": [4.772776599,5.772993983]},
{"kernel_name": "K3", "block_count": 80, "thread_count": 1, "shared_memory": 0, "cuda_launch_times": [4.772781256, 4.772849044, 0.000000000], "block_times": [4.772953481,5.773002175,4.772953449,5.772994943,4.772953513,5.772985759,4.772953481,5.772999647,4.772953481,5.772993823,4.772953481,5.772987583,4.772953481,5.772991519,4.772953449,5.772985439,4.772953513,5.773015040,4.772953481,5.772998047,4.772953481,5.772996799,4.772953481,5.772993663,4.772953513,5.772987327,4.772953481,5.772999743,4.772953513,5.772993535,4.772953513,5.772994175,4.772953513,5.773001247,4.772953513,5.772999135,4.772953481,5.773007359,4.772953449,5.772994687,4.772953513,5.773001951,4.772953481,5.772994495,4.772953481,5.772990239,4.772953481,5.772991039,4.772953481,5.772996447,4.772953481,5.772993279,4.772953513,5.772998399,4.772953513,5.772996991,4.772953513,5.773001247,4.772953481,5.772981695,4.772953513,5.772985215,4.772953481,5.772990367,4.772953513,5.772990719,4.772953481,5.773000223,4.772953481,5.772998335,4.772953449,5.772986015,4.772953513,5.772990271,4.772953513,5.773003103,4.772953481,5.772981855,4.772953513,5.772994591,4.772953481,5.772996479,4.772953449,5.773007391,4.772953513,5.772985439,4.772953481,5.772994015,4.772953513,5.772987519,4.772953481,5.772987775,4.772953513,5.773002175,4.772953481,5.772999743,4.772953513,5.772993279,4.772953481,5.772995391,4.772953513,5.773010944,4.772953481,5.772997567,4.772953513,5.772988767,4.772953481,5.772986111,4.772953513,5.772985439,4.772953481,5.772995391,4.772953513,5.772984927,4.772953481,5.772987679,4.772953481,5.772992543,4.772953449,5.772994079,4.772953513,5.772995647,4.772953481,5.772987903,4.772953513,5.772991679,4.772953481,5.773000543,4.772953513,5.772995295,4.772953481,5.772993759,4.772953513,5.772993535,4.772953481,5.772994719,4.772953513,5.772993247,4.772953481,5.772999135,4.772953513,5.773005343,4.772953481,5.772991135,4.772953513,5.772985791,4.772953513,5.772995263,4.772953481,5.772982815,4.772953449,5.772986559,4.772953513,5.772984127,4.772953513,5.772999391,4.772953481,5.772994175,4.772953481,5.773007327], "block_smids": [0,2,4,6,8,10,12,14,16,18,20,22,24,26,28,30,32,34,36,38,40,42,44,46,48,50,52,54,56,58,60,62,64,66,68,70,72,74,76,78,1,3,5,7,9,11,13,15,17,19,21,23,25,27,29,31,33,35,37,39,41,43,45,47,49,51,53,55,57,59,61,63,65,67,69,71,73,75,77,79], "cpu_core": 3}
]}