{
"scenario_name": "Three Streams 2",
"benchmark_name": "Multi-kernel submission",
"label": "K2",
"max_resident_threads": 163840,
"data_size": 0,
"release_time": 0.000000,
"PID": 23086,
"TID": 23259,
"times": [{},
{"copy_in_times": [4.772776718,4.772778253], "execute_times": [4.772779654,6.772793220], "copy_out_times": [6.772793872,6.772824160], "cpu_times": [4.772776718,6.772824160]},
{"kernel_name": "K2", "block_count": 80, "thread_count": 1023, "shared_memory": 0, "cuda_launch_times": [4.772781439, 4.772892940, 0.000000000], "block_times": [5.772936158,6.772961492,5.772936190,6.772961524,5.772936158,6.772961524,5.772936222,6.772961524,5.772936158,6.772961492,5.772936190,6.772961556,5.772936222,6.772961524,5.772936222,6.772961588,5.772936190,6.772961524,5.772936222,6.772961588,5.772936190,6.772961524,5.772936158,6.772961492,5.772936190,6.772961556,5.772936190,6.772961524,5.772936222,6.772961588,5.772936190,6.772961524,5.772936222,6.772961588,5.772936190,6.772961556,5.772936190,6.772961524,5.772936190,6.772961524,5.772936190,6.772961524,5.772936190,6.772961556,5.772936190,6.772961556,5.772936222,6.772961588,5.772936222,6.772961556,5.772936190,6.772961556,5.772936222,6.772961588,5.772936222,6.772961556,5.772936222,6.772961588,5.772936222,6.772961588,5.772936222,6.772961588,5.772936222,6.772961556,5.772936158,6.772961524,5.772936222,6.772961556,5.772936222,6.772961556,5.772936222,6.772961588,5.772936222,6.772961588,5.772936222,6.772961556,5.772936190,6.772961524,5.772936190,6.772961524,5.772936222,6.772961588,5.772936222,6.772961556,5.772936222,6.772961524,5.772936190,6.772961556,5.772936190,6.772961556,5.772936222,6.772961556,5.772936190,6.772961524,5.772936254,6.772961620,5.772936222,6.772961588,5.772936222,6.772961588,5.772936190,6.772961524,5.772936254,6.772961620,5.772936254,6.772961556,5.772936222,6.772961588,5.772936254,6.772961652,5.772936254,6.772961588,5.772936190,6.772961524,5.772936222,6.772961556,5.772936190,6.772961556,5.772936222,6.772961588,5.772936254,6.772961588,5.772936190,6.772961556,5.772936222,6.772961588,5.772936222,6.772961556,5.772936222,6.772961588,5.772936222,6.772961588,5.772936190,6.772961556,5.772936222,6.772961556,5.772936254,6.772961620,5.772936254,6.772961620,5.772936286,6.772961652,5.772936286,6.772961620,5.772936222,6.772961556,5.772936222,6.772961524,5.772936254,6.772961588,5.772936254,6.772961620,5.772936286,6.772961652,5.772936222,6.772961524,5.772936254,6.772961588,5.772936222,6.772961588], "block_smids": [72,73,68,74,69,44,45,75,2,3,50,40,8,38,9,46,39,64,41,47,52,56,62,51,53,10,11,70,57,20,6,7,36,26,4,5,42,78,12,13,28,32,66,58,48,14,16,15,17,34,60,21,27,29,33,35,24,25,37,76,43,49,59,61,54,22,0,1,23,18,19,55,63,65,67,30,31,71,77,79], "cpu_core": 2}
]}