{
"scenario_name": "Three Streams 2_2",
"benchmark_name": "Multi-kernel submission",
"label": "K3",
"max_resident_threads": 163840,
"data_size": 0,
"release_time": 0.000000,
"PID": 25728,
"TID": 25890,
"times": [{},
{"copy_in_times": [4.758637607,4.758639152], "execute_times": [4.758640552,6.758654670], "copy_out_times": [6.758655269,6.758678988], "cpu_times": [4.758637607,6.758678988]},
{"kernel_name": "K3", "block_count": 80, "thread_count": 1, "shared_memory": 0, "cuda_launch_times": [4.758642276, 4.758755526, 0.000000000], "block_times": [5.758788923,6.758812186,5.758788923,6.758812154,5.758788923,6.758812154,5.758788923,6.758812186,5.758788923,6.758812186,5.758788923,6.758812154,5.758788955,6.758812186,5.758788955,6.758812218,5.758788923,6.758812186,5.758788923,6.758812186,5.758788923,6.758812186,5.758788955,6.758812250,5.758788955,6.758812218,5.758788923,6.758812154,5.758788923,6.758812154,5.758788955,6.758812218,5.758788923,6.758812186,5.758788955,6.758812218,5.758788955,6.758812218,5.758788923,6.758812186,5.758788923,6.758812154,5.758788923,6.758812154,5.758788923,6.758812186,5.758788955,6.758812218,5.758788923,6.758812154,5.758788923,6.758812186,5.758788923,6.758812186,5.758788923,6.758812186,5.758788955,6.758812218,5.758788923,6.758812154,5.758788923,6.758812154,5.758788955,6.758812250,5.758788923,6.758812154,5.758788923,6.758812186,5.758788923,6.758812154,5.758788923,6.758812186,5.758788923,6.758812186,5.758788955,6.758812218,5.758788955,6.758812186,5.758788923,6.758812186,5.758788923,6.758812154,5.758788955,6.758812218,5.758788955,6.758812250,5.758788923,6.758812186,5.758788923,6.758812186,5.758788955,6.758812186,5.758788923,6.758812186,5.758788923,6.758812154,5.758788955,6.758812218,5.758788955,6.758812186,5.758788955,6.758812186,5.758788923,6.758812186,5.758788923,6.758812186,5.758788955,6.758812186,5.758788955,6.758812218,5.758788923,6.758812186,5.758788923,6.758812186,5.758788955,6.758812218,5.758788923,6.758812154,5.758788955,6.758812250,5.758788955,6.758812218,5.758788923,6.758812154,5.758788923,6.758812186,5.758788955,6.758812186,5.758788955,6.758812218,5.758788955,6.758812218,5.758788955,6.758812186,5.758788987,6.758812218,5.758788955,6.758812186,5.758788955,6.758812186,5.758788987,6.758812250,5.758788923,6.758812154,5.758788955,6.758812186,5.758788955,6.758812218,5.758788955,6.758812218,5.758788955,6.758812218,5.758788955,6.758812186,5.758788923,6.758812186,5.758788955,6.758812218,5.758788955,6.758812186], "block_smids": [46,46,2,2,3,47,9,40,38,45,72,74,8,71,10,56,14,32,64,50,78,4,4,52,8,62,58,41,44,26,73,21,39,70,34,15,11,28,33,22,51,65,75,63,5,57,59,27,53,20,16,10,14,16,20,22,23,26,35,28,32,79,34,38,29,40,44,17,50,52,56,58,62,64,70,72,74,78,3,5], "cpu_core": 3}
]}