{
"scenario_name": "Three Streams",
"benchmark_name": "Multi-kernel submission",
"label": "K1 and K2",
"max_resident_threads": 163840,
"data_size": 0,
"release_time": 0.000000,
"PID": 2759,
"TID": 2840,
"times": [{},
{"copy_in_times": [0.755208863,0.755209554], "execute_times": [0.755210214,2.755252953], "copy_out_times": [2.755267910,2.755366629], "cpu_times": [0.755208863,2.755366629]},
{"kernel_name": "K1", "block_count": 8, "thread_count": 1, "shared_memory": 0, "cuda_launch_times": [0.755211074, 0.755244273, 0.000000000], "block_times": [0.755256908,1.755259700,0.755256876,1.755259668,0.755256908,1.755259732,0.755256908,1.755259668,0.755256908,1.755259668,0.755256908,1.755259700,0.755256908,1.755259732,0.755256876,1.755259668], "block_smids": [0,2,4,6,8,10,12,14], "cpu_core": 1},
{"kernel_name": "K2", "block_count": 8, "thread_count": 1, "shared_memory": 0, "cuda_launch_times": [0.755244998, 0.755252214, 0.000000000], "block_times": [1.755262068,2.755264860,1.755262036,2.755264828,1.755262068,2.755264860,1.755262068,2.755264860,1.755262068,2.755264860,1.755262068,2.755264860,1.755262068,2.755264892,1.755262036,2.755264796], "block_smids": [0,2,4,6,8,10,12,14], "cpu_core": 1}
]}