{
"scenario_name": "Three Streams",
"benchmark_name": "Multi-kernel submission",
"label": "K5 and K6",
"max_resident_threads": 163840,
"data_size": 0,
"release_time": 0.000000,
"PID": 2759,
"TID": 2842,
"times": [{},
{"copy_in_times": [0.755209967,0.755211588], "execute_times": [0.755212996,3.155339334], "copy_out_times": [3.155340023,3.155369927], "cpu_times": [0.755209967,3.155369927]},
{"kernel_name": "K5", "block_count": 8, "thread_count": 1, "shared_memory": 0, "cuda_launch_times": [1.155301122, 1.155345121, 0.000000000], "block_times": [1.155363376,2.155366168,1.155363344,2.155366136,1.155363376,2.155366168,1.155363344,2.155366136,1.155363376,2.155366136,1.155363376,2.155366168,1.155363376,2.155366168,1.155363344,2.155366104], "block_smids": [32,34,36,38,40,42,44,46], "cpu_core": 3},
{"kernel_name": "K6", "block_count": 8, "thread_count": 1, "shared_memory": 0, "cuda_launch_times": [1.155346647, 1.155360287, 0.000000000], "block_times": [2.155367704,3.155370496,2.155367672,3.155370464,2.155367672,3.155370464,2.155367672,3.155370432,2.155367704,3.155370496,2.155367672,3.155370432,2.155367704,3.155370496,2.155367672,3.155370432], "block_smids": [32,34,36,38,40,42,44,46], "cpu_core": 3}
]}