{
"scenario_name": "Three Streams",
"benchmark_name": "Multi-kernel submission",
"label": "K3 and K4",
"max_resident_threads": 163840,
"data_size": 0,
"release_time": 0.000000,
"PID": 2759,
"TID": 2841,
"times": [{},
{"copy_in_times": [0.755209985,0.755211360], "execute_times": [0.755212676,2.955419296], "copy_out_times": [2.955420047,2.955460832], "cpu_times": [0.755209985,2.955460832]},
{"kernel_name": "K3", "block_count": 8, "thread_count": 1, "shared_memory": 0, "cuda_launch_times": [0.955366279, 0.955427297, 0.000000000], "block_times": [0.955439438,1.955442198,0.955439438,1.955442230,0.955439438,1.955442198,0.955439438,1.955442230,0.955439406,1.955442166,0.955439406,1.955442166,0.955439438,1.955442198,0.955439438,1.955442230], "block_smids": [16,18,20,22,24,26,28,30], "cpu_core": 2},
{"kernel_name": "K4", "block_count": 8, "thread_count": 1, "shared_memory": 0, "cuda_launch_times": [0.955428808, 0.955442193, 0.000000000], "block_times": [1.955444822,2.955447614,1.955444822,2.955447614,1.955444822,2.955447614,1.955444822,2.955447614,1.955444790,2.955447582,1.955444822,2.955447582,1.955444822,2.955447582,1.955444822,2.955447614], "block_smids": [16,18,20,22,24,26,28,30], "cpu_core": 2}
]}