{
"scenario_name": "Block 128, Thread 1024",
"benchmark_name": "Counter Spin",
"max_resident_threads": 163840,
"data_size": 1000000,
"release_time": 0.000000,
"PID": 6257,
"TID": 6421,
"times": [{},
{"copy_in_times": [0.741951044,0.741951938], "execute_times": [0.741952611,3.569177352], "copy_out_times": [3.569197080,3.569289233], "cpu_times": [0.741951044,3.569289233]},
{"kernel_name": "CounterSpin", "block_count": 128, "thread_count": 1024, "shared_memory": 0, "cuda_launch_times": [0.741953384, 0.741974671, 3.569172472], "block_times": [0.741992288,3.560422436,0.741992256,3.553895752,0.741992288,3.553418275,0.741992288,3.566715965,0.741992256,3.554100553,0.741992256,3.554124298,0.741992288,3.560565189,0.741992288,3.553944648,0.741992320,3.553827015,0.741992320,3.567138593,0.741992288,3.553981512,0.741992288,3.554085545,0.741992320,3.560586149,0.741992320,3.554035497,0.741992320,3.553813895,0.741992320,3.567208674,0.741992288,3.554115114,0.741992288,3.554184650,0.741992288,3.560827687,0.741992288,3.554036169,0.741992320,3.553964232,0.741992288,3.566934143,0.741992256,3.554071753,0.741992224,3.554078377,0.741992320,3.560614277,0.741992288,3.553908072,0.741992320,3.553662885,0.741992320,3.567146945,0.741992288,3.554024329,0.741992288,3.554127466,0.741992288,3.560703174,0.741992320,3.554002313,0.741992288,3.553766726,0.741992320,3.567228738,0.741992256,3.560634213,0.741992288,3.554128618,0.741992256,3.553855527,0.741992288,3.554206282,0.741992320,3.567231682,0.741992288,3.554242955,0.741992320,3.560417443,0.741992288,3.553782855,0.741992320,3.553698598,0.741992288,3.566798846,0.741992288,3.554171498,0.741992288,3.554114730,0.741992320,3.560793735,0.741992288,3.553986952,0.741992224,2.163148160,0.741992256,2.168974677,0.741992256,2.163441986,0.741992224,2.163273825,0.741992256,2.164554316,0.741992224,2.163308353,0.741992256,2.163851814,0.741992256,2.168616594,0.741992224,2.163319105,0.741992224,2.163496803,0.741992224,2.164567981,0.741992224,2.163311585,0.741992224,2.163093247,0.741992256,2.168519633,0.741992224,2.163415842,0.741992224,2.163114783,0.741992256,2.164299370,0.741992256,2.163314689,0.741992256,2.163247776,0.741992256,2.168684338,0.741992256,2.163224416,0.741992256,2.163418434,0.741992256,2.164561965,0.741992224,2.163249793,0.741992256,2.163741445,0.741992224,2.168862132,0.741992224,2.164441867,0.741992256,2.163231328,0.741992224,2.163420034,0.741992256,2.163320929,0.741992256,2.168929813,0.741992256,2.163354273,0.741992288,3.562850714,0.741992256,3.556327550,0.741992320,3.555852058,0.741992288,3.568696528,0.741992256,3.556507744,0.741992256,3.556564192,0.741992320,3.562931931,0.741992288,3.556361086,0.741992320,3.556239933,0.741992320,3.569112531,0.741992256,3.556386622,0.741992256,3.556529824,0.741992320,3.562958747,0.741992320,3.556472735,0.741992320,3.556166780,0.741992320,3.569188212,0.741992320,3.556525408,0.741992320,3.556627777,0.741992288,3.563215101,0.741992288,3.556452095,0.741992288,3.556366718,0.741992288,3.568897233,0.741992288,3.556466047,0.741992288,3.556511168,0.741992320,3.562995515,0.741992320,3.556269277,0.741992320,3.556048219,0.741992320,3.569153172,0.741992288,3.556424447,0.741992288,3.556552576,0.741992320,3.563088348,0.741992320,3.556380926,0.741992320,3.556149308,0.741992320,3.569210420,0.741992288,3.563006811,0.741992288,3.556546016,0.741992288,3.556259133,0.741992320,3.556616257,0.741992288,3.569200308,0.741992320,3.556678497,0.741992256,3.562817594,0.741992256,3.556240477,0.741992256,3.556121948,0.741992288,3.568763568,0.741992256,3.556580672,0.741992256,3.556537376,0.741992320,3.563165117,0.741992288,3.556443295], "block_smids": [0,2,4,6,8,10,12,14,16,18,20,22,24,26,28,30,32,34,36,38,40,42,44,46,48,50,52,54,56,58,60,62,64,66,68,70,72,74,76,78,1,3,5,7,9,11,13,15,17,19,21,23,25,27,29,31,33,35,37,39,41,43,45,47,49,51,53,55,57,59,61,63,65,67,69,71,73,75,77,79,0,2,4,6,8,10,12,14,16,18,20,22,24,26,28,30,32,34,36,38,40,42,44,46,48,50,52,54,56,58,60,62,64,66,68,70,72,74,76,78,1,3,5,7,9,11,13,15], "cpu_core": 19}
]}