{
"scenario_name": "Block 16, Thread 1024",
"benchmark_name": "Counter Spin",
"max_resident_threads": 163840,
"data_size": 1000000,
"release_time": 0.000000,
"PID": 4093,
"TID": 4282,
"times": [{},
{"copy_in_times": [1.029287319,1.029288218], "execute_times": [1.029288907,2.421676889], "copy_out_times": [2.421700278,2.421803048], "cpu_times": [1.029287319,2.421803048]},
{"kernel_name": "CounterSpin", "block_count": 16, "thread_count": 1024, "shared_memory": 0, "cuda_launch_times": [1.029289691, 1.029314068, 2.421671835], "block_times": [1.029336785,2.417732384,1.029336785,2.413645145,1.029336785,2.413836954,1.029336785,2.421691205,1.029336785,2.413904987,1.029336785,2.413958140,1.029336785,2.417734432,1.029336785,2.414108797,1.029336785,2.413630744,1.029336785,2.421359938,1.029336785,2.414050652,1.029336785,2.413993532,1.029336785,2.417682207,1.029336785,2.413515255,1.029336817,2.413694585,1.029336785,2.421210177], "block_smids": [0,2,4,6,8,10,12,14,16,18,20,22,24,26,28,30], "cpu_core": 46}
]}