{
"scenario_name": "Block 256, Thread 1024",
"benchmark_name": "Counter Spin",
"max_resident_threads": 163840,
"data_size": 1000000,
"release_time": 0.000000,
"PID": 7125,
"TID": 7296,
"times": [{},
{"copy_in_times": [1.087011470,1.087013480], "execute_times": [1.087015149,6.716685020], "copy_out_times": [6.716702920,6.716795047], "cpu_times": [1.087011470,6.716795047]},
{"kernel_name": "CounterSpin", "block_count": 256, "thread_count": 1024, "shared_memory": 0, "cuda_launch_times": [1.087017180, 1.087071272, 6.716678514], "block_times": [1.087116963,3.941800530,1.087116931,3.937861525,1.087116931,3.938246306,1.087116931,3.960287194,1.087116899,3.938246242,1.087116931,3.938398726,1.087116963,3.941697903,1.087116931,3.937674351,1.087116931,3.938263650,1.087116931,3.960115637,1.087116931,3.937965049,1.087116931,3.937819412,1.087116963,3.940814515,1.087116931,3.937994394,1.087116931,3.937845333,1.087116963,3.960329500,1.087116899,3.938673007,1.087116931,3.938144702,1.087116931,3.942146717,1.087116931,3.937976153,1.087116931,3.937847093,1.087116931,3.960323708,1.087116867,3.937538443,1.087116899,3.937572620,1.087116931,3.941517801,1.087116931,3.936577741,1.087116931,3.937848245,1.087116931,3.960126357,1.087116899,3.938419783,1.087116931,3.938130846,1.087116931,3.941796594,1.087116931,3.937402023,1.087116899,3.938394022,1.087116931,3.960573795,1.087116899,3.941669454,1.087116931,3.938541995,1.087116867,3.938568044,1.087116899,3.938680015,1.087116931,3.960610789,1.087116931,3.938002042,1.087116963,3.940829203,1.087116931,3.937577420,1.087116931,3.937858837,1.087116931,3.959458016,1.087116931,3.938544683,1.087116931,3.938278819,1.087116963,3.942150973,1.087116963,3.937963673,1.087116931,3.938530315,1.087116963,3.959440704,1.087116931,3.936867606,1.087116963,3.936286596,1.087116995,3.941411878,1.087116963,3.937428456,1.087116931,3.938117245,1.087116963,3.960296443,1.087116931,3.938839764,1.087116931,3.937564524,1.087116963,3.941124861,1.087116931,3.937283747,1.087116931,3.936832245,1.087116931,3.960426047,1.087116867,3.937546347,1.087116867,3.937266883,1.087116963,3.941401477,1.087116931,3.936579341,1.087116931,3.938412039,1.087116963,3.959937007,1.087116931,3.936579949,1.087116931,3.938116189,1.087116963,3.941408070,1.087116963,3.937818292,1.087116931,3.938107677,1.087116963,3.959938831,1.087116931,3.941796594,1.087116963,3.936281923,1.087116899,3.937818420,1.087116899,3.937428520,1.087116963,3.960583940,1.087116931,3.937826836,1.087116963,3.941927030,1.087116931,3.938712144,1.087116931,3.938904502,1.087116931,3.954481891,1.087116899,3.938829780,1.087116931,3.938708880,1.087116963,3.941967767,1.087116931,3.938718032,1.087116931,3.938917175,1.087116931,3.954377024,1.087116931,3.938910423,1.087116963,3.938772754,1.087116995,3.941877300,1.087116963,3.938746641,1.087116931,3.938898262,1.087116963,3.954490467,1.087116931,3.938868725,1.087116931,3.938802451,1.087116931,3.942026009,1.087116931,3.938745105,1.087116899,3.938867765,1.087116931,3.954522404,1.087116899,3.938781490,1.087116963,3.938779218,1.087116963,3.941931894,1.087116963,3.938624654,1.087116931,3.938859573,1.087116963,3.954403232,1.087116899,3.938890838,1.087116931,3.938793427,1.087116931,3.941916342,1.087116931,3.938621645,1.087116899,3.938859157,1.087116963,3.954542149,1.087116963,3.941967447,1.087116931,3.938742961,1.087116931,3.938927575,1.087116963,3.938952184,1.087116931,3.954641832,1.087116995,3.938853237,1.087116931,3.941874932,1.087116931,3.938701072,1.087116899,3.938962104,1.087116931,3.954328094,1.087116899,3.938832660,1.087116931,3.938831220,1.087116963,3.942020505,1.087116931,3.938740721,1.087116931,3.938909335,1.087116963,3.954322558,1.087116899,3.938835732,1.087116995,3.938652782,1.087116995,3.941970647,1.087116963,3.938742193,1.087116931,3.938888662,1.087116963,3.954485251,1.087116931,3.938938519,1.087116995,3.938781010,1.087116931,3.941959703,1.087116931,3.938668367,1.087116899,3.938761170,1.087116931,3.954505284,1.087116931,3.938804019,1.087116963,3.938703856,1.087116963,3.941953847,1.087116963,3.938650542,1.087116931,3.938870581,1.087116963,3.954350783,1.087116931,3.938747281,1.087116963,3.938765970,1.087116995,3.941953463,1.087116963,3.938773298,1.087116931,3.938870453,1.087116963,3.954328798,1.087116931,3.941937942,1.087116931,3.938565996,1.087116899,3.938860885,1.087116931,3.938744049,1.087116931,3.954619527,1.087116963,3.938775570,3.918442191,5.341559441,3.918436911,6.712434240,3.918438191,5.337521234,3.918450448,5.354095870,3.918436911,5.337360941,3.918437455,6.712818572,3.918444592,5.341526896,3.918436943,6.712505250,3.918437263,5.337516530,3.918450192,5.354065053,3.918436975,5.337403438,3.918436879,5.337348396,3.918440847,5.340963711,3.918437327,5.337392142,3.918436911,5.337555475,3.918450096,5.353930617,3.918437391,5.337668054,3.918436943,5.337472720,3.918442255,5.341702550,3.918437071,6.712688456,3.918436943,5.337502801,3.918450256,5.354124543,3.918436911,5.337312619,3.918437071,5.337529394,3.918441839,5.340982687,3.918436911,6.712175383,3.918436911,5.337550227,3.918450320,5.353928664,3.918437935,5.337653174,3.918436943,5.337357133,3.918442319,5.341099587,3.918436911,6.712410495,3.918436975,5.338045346,3.918450288,5.354329221,3.918441775,5.341150852,3.918437263,6.712823244,3.918437039,5.337794682,3.918436911,5.337643670,3.918450320,5.354133023,3.918436943,5.337402158,3.918442191,5.340700342,3.918436911,6.712427967,3.918437647,5.337397422,3.918450096,5.353812085,3.918436943,5.337454544,3.918437455,5.337671222,3.918445200,5.341462638,3.918436911,6.712574820,3.918437423,5.337616917,3.918450288,5.353993595,3.918436943,5.336546963,3.918436911,6.712106389,3.918441551,5.340942718,3.918436975,6.712517282,3.918436943,5.337616085,3.918450256,5.354272675,3.918437327,5.337433967,3.918436911,5.337422607,3.918445552,5.340922621,3.918436975,6.712289691,3.918436911,5.337219176,3.918450096,5.354101374,3.918436911,5.337188007,3.918437103,6.712329212,3.918443439,5.340961567,3.918436911,6.712121590,3.918436911,5.337559795,3.918450320,5.353951257,3.918437519,5.337158406,3.918436911,5.337297611,3.918443631,5.341598131,3.918436943,5.337348780,3.918436943,5.337537810,3.918450128,5.353887031,3.918443087,5.341180997,3.918437007,6.712149623,3.918436975,5.337557075,3.918436911,6.712327996,3.918450320,5.354246627,3.918436943,5.337147878,3.938571660,6.716585123,3.938639950,6.716780137,3.938639950,6.716623716,3.938663567,6.716576259,3.938666255,6.716576963,3.938687152,6.716730280,3.938713360,6.716820586,3.938713488,6.716756552,3.938713488,6.716906413,3.938713360,6.716804490,3.938734481,6.716872972,3.938758066,6.716918669,3.938758002,6.716893645,3.938758002,6.716924366,3.938760498,6.716748200,3.938758002,6.716921294], "block_smids": [0,2,4,6,8,10,12,14,16,18,20,22,24,26,28,30,32,34,36,38,40,42,44,46,48,50,52,54,56,58,60,62,64,66,68,70,72,74,76,78,1,3,5,7,9,11,13,15,17,19,21,23,25,27,29,31,33,35,37,39,41,43,45,47,49,51,53,55,57,59,61,63,65,67,69,71,73,75,77,79,0,2,4,6,8,10,12,14,16,18,20,22,24,26,28,30,32,34,36,38,40,42,44,46,48,50,52,54,56,58,60,62,64,66,68,70,72,74,76,78,1,3,5,7,9,11,13,15,17,19,21,23,25,27,29,31,33,35,37,39,41,43,45,47,49,51,53,55,57,59,61,63,65,67,69,71,73,75,77,79,0,2,4,6,8,10,12,14,16,18,20,22,24,26,28,30,32,34,36,38,40,42,44,46,48,50,52,54,56,58,60,62,64,66,68,70,72,74,76,78,1,3,5,7,9,11,13,15,17,19,21,23,25,27,29,31,33,35,37,39,41,43,45,47,49,51,53,55,57,59,61,63,65,67,69,71,73,75,77,79,71,62,50,51,23,39,3,47,10,2,14,15,27,70,75,38], "cpu_core": 8}
]}