{
"scenario_name": "Block 32, Thread 1024",
"benchmark_name": "Counter Spin",
"max_resident_threads": 163840,
"data_size": 1000000,
"release_time": 0.000000,
"PID": 4569,
"TID": 4758,
"times": [{},
{"copy_in_times": [0.756619756,0.756620631], "execute_times": [0.756621274,2.153304032], "copy_out_times": [2.153308323,2.153483581], "cpu_times": [0.756619756,2.153483581]},
{"kernel_name": "CounterSpin", "block_count": 32, "thread_count": 1024, "shared_memory": 0, "cuda_launch_times": [0.756622014, 0.756643025, 2.153295376], "block_times": [0.756661858,2.150653654,0.756661826,2.145501278,0.756661826,2.145265147,0.756661826,2.153269714,0.756661826,2.145554110,0.756661826,2.145297531,0.756661858,2.151071066,0.756661858,2.145338588,0.756661858,2.145806849,0.756661858,2.152823693,0.756661858,2.145338012,0.756661858,2.145573630,0.756661890,2.151274524,0.756661858,2.145630719,0.756661890,2.145556638,0.756661890,2.152973775,0.756661858,2.145938082,0.756661858,2.145505662,0.756661858,2.150856184,0.756661858,2.145124186,0.756661858,2.145782305,0.756661858,2.153049872,0.756661826,2.145329564,0.756661826,2.145140410,0.756661858,2.151298397,0.756661858,2.145563422,0.756661858,2.145325820,0.756661858,2.152831693,0.756661858,2.145545054,0.756661858,2.145660159,0.756661890,2.151019898,0.756661890,2.145392892], "block_smids": [0,2,4,6,8,10,12,14,16,18,20,22,24,26,28,30,32,34,36,38,40,42,44,46,48,50,52,54,56,58,60,62], "cpu_core": 35}
]}