{
"scenario_name": "Block 512, Thread 1024",
"benchmark_name": "Counter Spin",
"max_resident_threads": 163840,
"data_size": 1000000,
"release_time": 0.000000,
"PID": 8172,
"TID": 8324,
"times": [{},
{"copy_in_times": [0.727444523,0.727445204], "execute_times": [0.727445858,10.625738928], "copy_out_times": [10.625760950,10.625861088], "cpu_times": [0.727444523,10.625861088]},
{"kernel_name": "CounterSpin", "block_count": 512, "thread_count": 1024, "shared_memory": 0, "cuda_launch_times": [0.727446602, 0.727471248, 10.625734371], "block_times": [0.727490729,3.569178812,0.727490697,3.565370665,0.727490697,3.565284552,0.727490697,3.589556076,0.727490665,3.564978820,0.727490697,3.565108966,0.727490729,3.568689654,0.727490697,3.565236040,0.727490697,3.565241896,0.727490729,3.589645453,0.727490697,3.565367625,0.727490729,3.565247304,0.727490729,3.568451859,0.727490729,3.565329705,0.727490697,3.565160199,0.727490729,3.589496683,0.727490665,3.565104774,0.727490729,3.566091923,0.727490729,3.569219517,0.727490697,3.565347209,0.727490697,3.565540556,0.727490697,3.589566028,0.727490633,3.565056261,0.727490665,3.564839842,0.727490729,3.568583380,0.727490697,3.564891523,0.727490697,3.565144038,0.727490697,3.589553804,0.727490665,3.566174228,0.727490697,3.565183623,0.727490729,3.568864696,0.727490697,3.564999812,0.727490697,3.565107526,0.727490729,3.589801359,0.727490665,3.568657205,0.727490697,3.565674445,0.727490665,3.565482923,0.727490665,3.565728782,0.727490729,3.589733678,0.727490697,3.565128870,0.727490729,3.568496947,0.727490729,3.564920803,0.727490729,3.565151142,0.727490729,3.588520606,0.727490697,3.565421194,0.727490729,3.565059045,0.727490729,3.569796836,0.727490729,3.564996100,0.727490729,3.565321321,0.727490729,3.580070189,0.727490697,3.564782210,0.727490729,3.564772161,0.727490761,3.568759095,0.727490729,3.564862883,0.727490729,3.565155367,0.727490729,3.580654581,0.727490697,3.565670093,0.727490729,3.564828130,0.727490729,3.568521491,0.727490729,3.564898787,0.727490729,3.564775105,0.727490729,3.589571628,0.727490633,3.564925635,0.727490665,3.565522059,0.727490729,3.568562228,0.727490729,3.564872131,0.727490729,3.565347561,0.727490729,3.588693793,0.727490697,3.564737985,0.727490729,3.565030501,0.727490729,3.568527028,0.727490729,3.565465291,0.727490697,3.565069349,0.727490729,3.589402634,0.727490697,3.568682678,0.727490729,3.564679328,0.727490665,3.565141638,0.727490697,3.565025925,0.727490729,3.580820152,0.727490729,3.564995876,0.727490729,3.582246859,0.727490697,3.577500235,0.727490729,3.577772079,0.727490697,3.589417866,0.727490665,3.577449515,0.727490697,3.577432810,0.727490729,3.582190186,0.727490697,3.577781871,0.727490729,3.577463243,0.727490729,3.589426250,0.727490729,3.578088275,0.727490761,3.578000114,0.727490761,3.582203178,0.727490729,3.577983090,0.727490729,3.577608397,0.727490761,3.589419210,0.727490697,3.577352713,0.727490729,3.577510155,0.727490729,3.582987380,0.727490697,3.577977874,0.727490697,3.578382071,0.727490729,3.589395338,0.727490697,3.577341129,0.727490729,3.577444394,0.727490729,3.582173258,0.727490729,3.577417034,0.727490697,3.577472587,0.727490729,3.589412458,0.727490665,3.577609485,0.727490697,3.577427530,0.727490697,3.582541230,0.727490729,3.577386154,0.727490697,3.577605069,0.727490729,3.589554060,0.727490729,3.582194346,0.727490697,3.578552153,0.727490729,3.577965969,0.727490729,3.577493387,0.727490729,3.589515916,0.727490761,3.577677166,0.727490697,3.582199210,0.727490697,3.577364233,0.727490697,3.577538988,0.727490697,3.589265704,0.727490665,3.577891760,0.727490697,3.577379018,0.727490729,3.582243402,0.727490729,3.577440202,0.727490729,3.577685806,0.727490729,3.597860539,0.727490665,3.577450123,0.727490697,3.577293288,0.727490761,3.582517518,0.727490729,3.577375114,0.727490729,3.577478539,0.727490729,3.598446435,0.727490697,3.577519499,0.727490729,3.577389514,0.727490697,3.582179626,0.727490697,3.577367369,0.727490697,3.577550156,0.727490697,3.589433002,0.727490697,3.577378666,0.727490729,3.577491211,0.727490729,3.582177386,0.727490729,3.577374026,0.727490729,3.577788687,0.727490729,3.589329385,0.727490697,3.577354057,0.727490729,3.577355529,0.727490761,3.582183434,0.727490729,3.577518987,0.727490729,3.577479403,0.727490729,3.589372714,0.727490729,3.582162857,0.727490697,3.577443498,0.727490697,3.577466091,0.727490697,3.577350633,0.727490729,3.598678150,0.727490729,3.577385162,3.564680224,6.432103787,3.564680192,6.412828714,3.564738561,6.432627922,3.564738529,6.413147278,3.564772801,6.432100555,3.564772769,6.413425042,3.564775713,6.431875048,3.564775681,6.412690344,3.564782562,6.432088587,3.564782562,6.413545236,3.564828514,6.445548990,3.564828482,6.413977401,3.564840162,6.413555700,3.564840162,6.445275643,3.564863267,6.432316238,3.564863235,6.413974681,3.564872451,6.445212250,3.564872451,6.413996346,3.564899075,6.432310446,3.564899107,6.414405791,3.564921123,6.432628434,3.564921155,6.414270941,3.564925955,6.445398588,3.564925987,6.414128891,3.564979172,6.414265405,3.564979172,6.432569649,3.564996164,6.432546929,3.564996196,6.414548769,3.564996388,6.432571057,3.564996420,6.414428703,3.565000100,6.414697059,3.565000132,6.432874005,3.565026213,6.432950038,3.565026245,6.414700323,3.565030821,6.445710305,3.565030821,6.415093256,3.565059365,6.432925814,3.565059397,6.415117193,3.565069701,6.432536305,3.565069701,6.414421055,3.565105094,6.415385068,3.565105126,6.433115097,3.565141958,6.432697011,3.565141958,6.414671843,3.565144358,6.414965735,3.565144390,6.432681715,3.565151494,6.432663923,3.565151494,6.414674659,3.565155687,6.432817013,3.565155687,6.414823301,3.565242280,6.415275819,3.565242280,6.432920534,3.568452467,6.423631418,3.568452499,6.443187615,3.568497331,6.443453827,3.568497299,6.423640090,3.568521875,6.443331553,3.568521875,6.423785724,3.568527412,6.443358625,3.568527380,6.424047296,3.568562516,6.443439042,3.568562548,6.424043936,3.568657525,6.424621479,3.568657557,6.443572068,3.568690006,6.424604711,3.568690102,6.444098027,3.570638064,6.461021229,3.570638064,6.460989324,3.570638128,6.461056109,3.570638064,6.461015053,3.570638128,6.460962060,3.570638096,6.461144879,3.570638096,6.461056717,3.570638064,6.460528934,3.570638256,6.450636642,3.570638160,6.449600405,3.570638064,6.461083310,3.570638128,6.460839722,3.570638128,6.461068141,3.570638480,6.449694934,3.577297609,6.430050032,3.577345033,6.431277440,3.577372394,6.430376692,3.577372394,6.430501110,3.577372394,6.430042736,3.577379434,6.430427445,3.577376554,6.430301875,3.577388362,6.430348788,3.577388362,6.430243154,3.577388362,6.430220370,3.577392106,6.430257394,3.577391274,6.430501462,3.577392106,6.430345044,3.577392202,6.430381556,3.577392106,6.430308499,3.577435626,6.431212351,3.577439370,6.431706630,3.577439370,6.420181644,3.577459243,6.430457813,3.577459275,6.430044752,3.577462059,6.430285715,3.577466859,6.430400948,3.577466827,6.430188146,3.577476235,6.430455605,3.577486571,6.430270259,3.577486571,6.430360212,3.577486603,6.430317267,3.577486571,6.430197682,3.577509323,6.431394594,3.577514091,6.420354638,3.577518251,6.420157356,3.577532972,6.431663653,3.577533868,6.420299630,3.577533868,6.420456592,3.577558892,6.430356212,3.577570668,6.429911758,3.577617933,6.419954729,3.577628237,6.420149804,3.577628333,6.420233549,3.577698254,6.420168492,3.577700590,6.420429199,3.577795055,6.420337006,3.577801647,6.420305102,3.577806927,6.420336110,3.577911697,6.420311438,3.577983954,6.420628018,3.577990578,6.420300014,3.578002386,6.420310510,3.578006162,6.420027690,3.578100691,6.420212716,3.578384055,6.420231501,3.578569241,6.420870549,3.582175530,6.430580887,3.582175530,6.430685240,3.582198378,6.441566313,3.582198346,6.441567241,3.582198378,6.441535593,3.582210250,6.441654955,3.582210250,6.441655563,3.582222026,6.441512809,3.582221994,6.441508937,3.582257483,6.431306592,3.582269323,6.430716377,3.582541198,6.430828378,3.582553839,6.430960444,3.583002261,6.431304640,3.589283912,6.448808586,3.589343081,6.449224592,3.589406570,6.449468051,3.589501419,6.449533236,