{
"scenario_name": "Block 64, Thread 1024",
"benchmark_name": "Counter Spin",
"max_resident_threads": 163840,
"data_size": 1000000,
"release_time": 0.000000,
"PID": 5363,
"TID": 5534,
"times": [{},
{"copy_in_times": [1.124373713,1.124374574], "execute_times": [1.124375297,2.534862667], "copy_out_times": [2.534873185,2.535073929], "cpu_times": [1.124373713,2.535073929]},
{"kernel_name": "CounterSpin", "block_count": 64, "thread_count": 1024, "shared_memory": 0, "cuda_launch_times": [1.124376138, 1.124411893, 2.534853378], "block_times": [1.124442437,2.532523793,1.124442405,2.526719259,1.124442373,2.526491223,1.124442405,2.534265547,1.124442373,2.526991167,1.124442405,2.526823612,1.124442437,2.532566322,1.124442437,2.526892317,1.124442405,2.526673146,1.124442437,2.534546351,1.124442405,2.526943582,1.124442437,2.526834556,1.124442437,2.532751796,1.124442437,2.526631641,1.124442405,2.526616473,1.124442437,2.534852084,1.124442405,2.526812380,1.124442437,2.526583288,1.124442437,2.532359535,1.124442405,2.526836380,1.124442405,2.526868317,1.124442437,2.534444398,1.124442405,2.526916509,1.124442437,2.526923102,1.124442437,2.532584658,1.124442437,2.526576760,1.124442405,2.527123777,1.124442437,2.534530415,1.124442405,2.526836540,1.124442437,2.526814588,1.124442469,2.532734580,1.124442437,2.526750075,1.124442437,2.526852540,1.124442469,2.534529103,1.124442437,2.532873942,1.124442437,2.526668186,1.124442405,2.526826684,1.124442437,2.526760027,1.124442437,2.534747762,1.124442437,2.526829180,1.124442469,2.532507281,1.124442405,2.526663002,1.124442437,2.526819452,1.124442405,2.534457390,1.124442405,2.526821084,1.124442437,2.526931902,1.124442469,2.532408687,1.124442437,2.526665850,1.124442437,2.526653658,1.124442437,2.534580848,1.124442437,2.526812028,1.124442469,2.526720379,1.124442469,2.532612434,1.124442469,2.526832988,1.124442437,2.526952862,1.124442469,2.534666609,1.124442437,2.526868989,1.124442469,2.526718554,1.124442437,2.532736084,1.124442405,2.526568952,1.124442405,2.526615161,1.124442437,2.534671505,1.124442405,2.526960478,1.124442437,2.526667962], "block_smids": [0,2,4,6,8,10,12,14,16,18,20,22,24,26,28,30,32,34,36,38,40,42,44,46,48,50,52,54,56,58,60,62,64,66,68,70,72,74,76,78,1,3,5,7,9,11,13,15,17,19,21,23,25,27,29,31,33,35,37,39,41,43,45,47], "cpu_core": 43}
]}