{
"scenario_name": "Basic coscheduling test",
"benchmark_name": "Timer Spin",
"label": "Kernel 3",
"max_resident_threads": 163840,
"data_size": 0,
"release_time": 0.250000,
"PID": 21185,
"TID": 21221,
"times": [{},
{"copy_in_times": [0.974915387,0.974917109], "execute_times": [0.974918533,1.475043227], "copy_out_times": [1.475043914,1.475086217], "cpu_times": [0.974915387,1.475086217]},
{"kernel_name": "GPUSpin", "block_count": 2, "thread_count": 1024, "shared_memory": 0, "cuda_launch_times": [0.974920363, 0.975038688, 1.475041238], "block_times": [0.975051031,1.475054206,0.975051031,1.475054174], "block_smids": [12,14], "cpu_core": 3}
]}