{
"scenario_name": "Multiprocess vs. multithread comparison (memory intensive)",
"benchmark_name": "Random Walk",
"label": "Thread 1",
"max_resident_threads": 163840,
"data_size": 16777216,
"release_time": 0.000000,
"PID": 20610,
"TID": 20644,
"times": [{},
{"copy_in_times": [11.067456124,11.067456635], "execute_times": [11.067457129,11.068062496], "copy_out_times": [11.068063153,11.068150965], "cpu_times": [11.067456124,11.068150965]},
{"kernel_name": "WalkKernel", "block_count": 1, "thread_count": 32, "shared_memory": 0, "cuda_launch_times": [11.067457734, 11.067480715, 11.068061916], "block_times": [11.067750351,11.068322135], "block_smids": [0], "cpu_core": 1}
]}