{
"scenario_name": "Greedy scheduling test",
"benchmark_name": "Timer Spin",
"label": "Larger job (released second)",
"max_resident_threads": 163840,
"data_size": 0,
"release_time": 0.250000,
"PID": 20754,
"TID": 20789,
"times": [{},
{"copy_in_times": [1.037530230,1.037531955], "execute_times": [1.037533374,2.037598375], "copy_out_times": [2.037599088,2.037627076], "cpu_times": [1.037530230,2.037627076]},
{"kernel_name": "GPUSpin", "block_count": 16, "thread_count": 512, "shared_memory": 0, "cuda_launch_times": [1.037535226, 1.037598405, 2.037596392], "block_times": [1.037612509,2.037617659,1.037612541,2.037617659,1.037612509,2.037617627,1.037612509,2.037617659,1.037612477,2.037617595,1.037612285,2.037617403,1.037612509,2.037617659,1.037612541,2.037617659,1.037612509,2.037617595,1.037612509,2.037617627,1.037612509,2.037617627,1.037612285,2.037617435,1.037612509,2.037617627,1.037612541,2.037617691,1.037612509,2.037617627,1.037612509,2.037617595], "block_smids": [2,4,6,8,10,12,14,16,18,20,22,24,26,28,30,32], "cpu_core": 2}
]}