{
"scenario_name": "Basic coscheduling test",
"benchmark_name": "Timer Spin",
"label": "Kernel 2",
"max_resident_threads": 163840,
"data_size": 0,
"release_time": 0.000000,
"PID": 20707,
"TID": 20741,
"times": [{},
{"copy_in_times": [0.676633053,0.676634621], "execute_times": [0.676636047,1.176720038], "copy_out_times": [1.176720576,1.176743065], "cpu_times": [0.676633053,1.176743065]},
{"kernel_name": "GPUSpin", "block_count": 2, "thread_count": 1024, "shared_memory": 0, "cuda_launch_times": [0.676637718, 0.676719218, 1.176719433], "block_times": [0.676726922,1.176730012,0.676726922,1.176730012], "block_smids": [4,6], "cpu_core": 2}
]}