{
"scenario_name": "Static Shared-Memory Greedy scheduling test",
"benchmark_name": "Timer Spin (shared memory)",
"label": "Larger job (released second)",
"max_resident_threads": 163840,
"data_size": 0,
"release_time": 0.250000,
"PID": 21468,
"TID": 21502,
"times": [{},
{"copy_in_times": [1.045167733,1.045169499], "execute_times": [1.045170929,2.045234183], "copy_out_times": [2.045234761,2.045259124], "cpu_times": [1.045167733,2.045259124]},
{"kernel_name": "SharedMem_GPUSpin", "block_count": 16, "thread_count": 128, "shared_memory": 16384, "cuda_launch_times": [1.045172797, 1.045234747, 2.045232162], "block_times": [1.045260941,2.045276354,1.045261005,2.045276450,1.045260973,2.045276450,1.045260973,2.045276418,1.045260941,2.045276418,1.045260749,2.045276194,1.045260941,2.045276386,1.045261005,2.045276450,1.045260973,2.045276418,1.045260973,2.045276418,1.045260941,2.045276354,1.045260749,2.045276226,1.045260941,2.045276418,1.045261005,2.045276450,1.045260973,2.045276386,1.045261005,2.045276450], "block_smids": [2,4,6,8,10,12,14,16,18,20,22,24,26,28,30,32], "cpu_core": 2}
]}