{
"scenario_name": "Single-job test",
"benchmark_name": "Counter Spin",
"max_resident_threads": 163840,
"data_size": 1000000,
"release_time": 0.000000,
"PID": 33908,
"TID": 34072,
"times": [{},
{"copy_in_times": [6.348077118,6.348078622], "execute_times": [6.348079695,7.722836295], "copy_out_times": [7.722839279,7.722901282], "cpu_times": [6.348077118,7.722901282]},
{"kernel_name": "CounterSpin", "block_count": 128, "thread_count": 1024, "shared_memory": 0, "cuda_launch_times": [6.348080655, 6.348117995, 7.722832908], "block_times": [6.348106061,7.718724744,6.348106029,7.715451598,6.348106029,7.715538318,6.348106029,7.722784800,6.348106029,7.715434414,6.348106061,7.715468718,6.348106061,7.718732584,6.348106029,7.715445742,6.348106061,7.715528718,6.348106093,7.722788736,6.348106029,7.715438606,6.348106093,7.715464942,6.348106093,7.718724360,6.348106093,7.715434222,6.348106061,7.715523886,6.348106093,7.722777792,6.348106029,7.715440814,6.348106093,7.715461454,6.348106093,7.718726792,6.348106061,7.715432622,6.348106029,7.715519406,6.348106061,7.722776768,6.348105965,7.715439150,6.348106029,7.715465102,6.348106093,7.718733800,6.348106061,7.715435278,6.348106061,7.715517806,6.348106061,7.722788160,6.348106029,7.715449934,6.348106093,7.715468270,6.348106093,7.718727624,6.348106061,7.715429486,6.348106029,7.715515694,6.348106093,7.722798464,6.348106029,7.718733032,6.348106061,7.715436526,6.348105997,7.715514318,6.348106029,7.715443086,6.348106093,7.722780096,6.348106061,7.715465838,6.348106093,7.718725704,6.348106061,7.715439950,6.348106061,7.715528750,6.348106061,7.722800096,6.348106029,7.715440942,6.348106061,7.715472110,6.348106093,7.718730696,6.348106061,7.715434958,6.348105965,7.044266390,6.348106029,7.047749935,6.348105965,7.044256534,6.348106029,7.044287222,6.348106029,7.044993684,6.348105997,7.044240118,6.348105965,7.044247894,6.348105997,7.047749935,6.348105965,7.044263958,6.348105997,7.044268726,6.348105997,7.045012244,6.348105965,7.044308565,6.348105965,7.044266390,6.348105997,7.047818799,6.348105965,7.044213398,6.348105997,7.044244086,6.348106029,7.045012244,6.348105997,7.044258614,6.348105997,7.044266390,6.348106029,7.047725199,6.348105997,7.044263958,6.348106029,7.044294677,6.348106029,7.045012244,6.348105965,7.044215510,6.348105997,7.044266422,6.348105965,7.047725199,6.348105997,7.043785622,6.348105997,7.044240118,6.348105965,7.043048984,6.348105997,7.043043864,6.348105997,7.047749903,6.348106029,7.043196152,6.348106093,7.718726664,6.348106029,7.715438510,6.348106061,7.715524686,6.348106029,7.722780864,6.348106029,7.715450222,6.348106061,7.715477390,6.348106093,7.718712456,6.348106029,7.715437870,6.348106061,7.715530382,6.348106061,7.722786336,6.348106029,7.715442446,6.348106061,7.715478766,6.348106093,7.718721480,6.348106093,7.715449934,6.348106061,7.715530798,6.348106093,7.722777440,6.348106061,7.715444046,6.348106093,7.715472046,6.348106061,7.718735208,6.348106029,7.715441518,6.348106029,7.715525454,6.348106061,7.722777440,6.348106029,7.715446446,6.348106093,7.715474542,6.348106093,7.718716776,6.348106061,7.715444014,6.348106061,7.715531438,6.348106093,7.722778752,6.348106029,7.715439630,6.348106093,7.715469326,6.348106093,7.718719880,6.348106093,7.715443854,6.348106061,7.715532942,6.348106093,7.722778112,6.348106061,7.718724968,6.348106061,7.715450222,6.348106029,7.715531790,6.348106061,7.715446958,6.348106061,7.722785376,6.348106093,7.715469870,6.348106029,7.718725416,6.348106029,7.715450926,6.348106029,7.715531022,6.348106029,7.722780448,6.348105997,7.715457646,6.348106061,7.715473070,6.348106093,7.718722024,6.348106061,7.715447726], "block_smids": [0,2,4,6,8,10,12,14,16,18,20,22,24,26,28,30,32,34,36,38,40,42,44,46,48,50,52,54,56,58,60,62,64,66,68,70,72,74,76,78,1,3,5,7,9,11,13,15,17,19,21,23,25,27,29,31,33,35,37,39,41,43,45,47,49,51,53,55,57,59,61,63,65,67,69,71,73,75,77,79,0,2,4,6,8,10,12,14,16,18,20,22,24,26,28,30,32,34,36,38,40,42,44,46,48,50,52,54,56,58,60,62,64,66,68,70,72,74,76,78,1,3,5,7,9,11,13,15], "cpu_core": 18}
]}