{
"scenario_name": "Stream priority starvation test",
"benchmark_name": "Timer Spin",
"label": "K3 (high priority)",
"max_resident_threads": 163840,
"data_size": 0,
"release_time": 0.500000,
"PID": 21711,
"TID": 21747,
"times": [{},
{"copy_in_times": [1.232597382,1.232598922], "execute_times": [1.232600196,1.732673224], "copy_out_times": [1.732683309,1.732760302], "cpu_times": [1.232597382,1.732760302]},
{"kernel_name": "GPUSpin", "block_count": 16, "thread_count": 1024, "shared_memory": 0, "cuda_launch_times": [1.232601816, 1.232654309, 1.732669231], "block_times": [1.232672255,1.732675179,1.232672255,1.732675147,1.232672287,1.732675147,1.232672255,1.732675115,1.232672287,1.732675147,1.232672255,1.732675115,1.232672255,1.732675147,1.232672255,1.732675115,1.232672351,1.732675243,1.232672351,1.732675243,1.232672383,1.732675243,1.232672351,1.732675211,1.232672383,1.732675243,1.232672383,1.732675243,1.232672351,1.732675211,1.232672351,1.732675179], "block_smids": [0,2,4,6,8,10,12,14,48,50,52,54,56,58,60,62], "cpu_core": 3}
]}