{
"scenario_name": "Stream priority process test",
"benchmark_name": "Timer Spin",
"label": "Kernel 2",
"max_resident_threads": 163840,
"data_size": 0,
"release_time": 0.200000,
"PID": 21698,
"times": [{},
{"copy_in_times": [1.127877706,1.127879440], "execute_times": [1.127880861,1.228022273], "copy_out_times": [1.228022977,1.228048747], "cpu_times": [1.127877706,1.228048747]},
{"kernel_name": "GPUSpin", "block_count": 64, "thread_count": 1024, "shared_memory": 0, "cuda_launch_times": [1.127882764, 1.127929980, 1.228021466], "block_times": [1.128033415,1.228034269,1.128033415,1.228034269,1.128033447,1.228034301,1.128033447,1.228034301,1.128033447,1.228034269,1.128033415,1.228034301,1.128033447,1.228034333,1.128033447,1.228034301,1.128033447,1.228034333,1.128033479,1.228034365,1.128033447,1.228034333,1.128033447,1.228034301,1.128033415,1.228034301,1.128033447,1.228034301,1.128033447,1.228034333,1.128033447,1.228034301,1.128033479,1.228034365,1.128033415,1.228034269,1.128033415,1.228034269,1.128033447,1.228034301,1.128033447,1.228034333,1.128033447,1.228034333,1.128033447,1.228034333,1.128033415,1.228034269,1.128033447,1.228034333,1.128033447,1.228034333,1.128033479,1.228034333,1.128033479,1.228034333,1.128033479,1.228034301,1.128033447,1.228034333,1.128033447,1.228034365,1.128033479,1.228034333,1.128033479,1.228034397,1.128033479,1.228034333,1.128033447,1.228034301,1.128033447,1.228034301,1.128033447,1.228034333,1.128033479,1.228034365,1.128033447,1.228034333,1.128033447,1.228034301,1.128033447,1.228034365,1.128033415,1.228034269,1.128033479,1.228034365,1.128033447,1.228034301,1.128033447,1.228034333,1.128033415,1.228034269,1.128033479,1.228034365,1.128033447,1.228034269,1.128033479,1.228034333,1.128033479,1.228034333,1.128033479,1.228034365,1.128033479,1.228034333,1.128033479,1.228034333,1.128033479,1.228034365,1.128033479,1.228034365,1.128033479,1.228034365,1.128033479,1.228034333,1.128033479,1.228034365,1.128033447,1.228034301,1.128033447,1.228034301,1.128033447,1.228034301,1.128033447,1.228034301,1.128033447,1.228034333,1.128033415,1.228034269], "block_smids": [0,2,4,6,8,10,12,14,16,18,20,22,24,26,28,30,32,34,36,38,40,42,44,46,48,50,52,54,56,58,60,62,64,66,68,70,72,74,76,78,1,3,5,7,9,11,13,15,17,19,21,23,25,27,29,31,33,35,37,39,41,43,45,47], "cpu_core": 2}
]}