{
"scenario_name": "Stream priority process test",
"benchmark_name": "Timer Spin",
"label": "Kernel 1",
"max_resident_threads": 163840,
"data_size": 0,
"release_time": 0.000000,
"PID": 21697,
"times": [{},
{"copy_in_times": [0.927751612,0.927752516], "execute_times": [0.927753164,1.027790363], "copy_out_times": [1.027791158,1.027819135], "cpu_times": [0.927751612,1.027819135]},
{"kernel_name": "GPUSpin", "block_count": 64, "thread_count": 1024, "shared_memory": 0, "cuda_launch_times": [0.927753922, 0.927779802, 1.027789469], "block_times": [0.927797465,1.027798319,0.927797465,1.027798351,0.927797497,1.027798383,0.927797497,1.027798351,0.927797497,1.027798351,0.927797465,1.027798351,0.927797497,1.027798351,0.927797497,1.027798383,0.927797497,1.027798383,0.927797497,1.027798383,0.927797497,1.027798383,0.927797497,1.027798351,0.927797465,1.027798351,0.927797497,1.027798351,0.927797497,1.027798351,0.927797497,1.027798383,0.927797497,1.027798383,0.927797465,1.027798319,0.927797497,1.027798351,0.927797497,1.027798383,0.927797497,1.027798383,0.927797497,1.027798383,0.927797497,1.027798383,0.927797465,1.027798351,0.927797497,1.027798351,0.927797497,1.027798383,0.927797529,1.027798383,0.927797529,1.027798351,0.927797497,1.027798351,0.927797497,1.027798351,0.927797497,1.027798383,0.927797529,1.027798415,0.927797529,1.027798415,0.927797529,1.027798415,0.927797497,1.027798383,0.927797497,1.027798383,0.927797497,1.027798383,0.927797529,1.027798383,0.927797497,1.027798383,0.927797497,1.027798351,0.927797497,1.027798415,0.927797465,1.027798383,0.927797529,1.027798415,0.927797497,1.027798383,0.927797497,1.027798415,0.927797465,1.027798319,0.927797529,1.027798415,0.927797497,1.027798351,0.927797529,1.027798383,0.927797529,1.027798383,0.927797529,1.027798383,0.927797497,1.027798383,0.927797529,1.027798383,0.927797529,1.027798415,0.927797529,1.027798415,0.927797529,1.027798415,0.927797529,1.027798415,0.927797497,1.027798383,0.927797497,1.027798383,0.927797497,1.027798351,0.927797497,1.027798383,0.927797497,1.027798351,0.927797497,1.027798383,0.927797465,1.027798319], "block_smids": [0,2,4,6,8,10,12,14,16,18,20,22,24,26,28,30,32,34,36,38,40,42,44,46,48,50,52,54,56,58,60,62,64,66,68,70,72,74,76,78,1,3,5,7,9,11,13,15,17,19,21,23,25,27,29,31,33,35,37,39,41,43,45,47], "cpu_core": 1}
]}