{
"scenario_name": "Stream priority lower priority kernel cut-ahead test",
"benchmark_name": "Timer Spin",
"label": "Kernel 4",
"max_resident_threads": 163840,
"data_size": 0,
"release_time": 0.300000,
"PID": 21561,
"TID": 21598,
"times": [{},
{"copy_in_times": [1.329416959,1.329418668], "execute_times": [1.329420085,2.329482576], "copy_out_times": [2.329483263,2.329508776], "cpu_times": [1.329416959,2.329508776]},
{"kernel_name": "GPUSpin", "block_count": 1, "thread_count": 512, "shared_memory": 0, "cuda_launch_times": [1.329421911, 1.329477659, 2.329480709], "block_times": [1.329495084,2.329499321], "block_smids": [6], "cpu_core": 4}
]}