{
"scenario_name": "Stream priority starvation test",
"benchmark_name": "Timer Spin",
"label": "K1 (low priority)",
"max_resident_threads": 163840,
"data_size": 0,
"release_time": 0.000000,
"PID": 21711,
"TID": 21745,
"times": [{},
{"copy_in_times": [0.732476040,0.732477568], "execute_times": [0.732479000,1.232542549], "copy_out_times": [1.232543074,1.232565764], "cpu_times": [0.732476040,1.232565764]},
{"kernel_name": "GPUSpin", "block_count": 8, "thread_count": 1024, "shared_memory": 0, "cuda_launch_times": [0.732480838, 0.732537982, 1.232541899], "block_times": [0.732550418,1.232553310,0.732550418,1.232553310,0.732550450,1.232553310,0.732550418,1.232553310,0.732550418,1.232553278,0.732550418,1.232553278,0.732550418,1.232553310,0.732550418,1.232553310], "block_smids": [0,2,4,6,8,10,12,14], "cpu_core": 1}
]}