{
"scenario_name": "Stream priority starvation test",
"benchmark_name": "Timer Spin",
"label": "K2 (high priority)",
"max_resident_threads": 163840,
"data_size": 0,
"release_time": 0.200000,
"PID": 21711,
"TID": 21746,
"times": [{},
{"copy_in_times": [0.932609359,0.932611140], "execute_times": [0.932612559,1.432662175], "copy_out_times": [1.432662678,1.432685048], "cpu_times": [0.932609359,1.432685048]},
{"kernel_name": "GPUSpin", "block_count": 16, "thread_count": 1024, "shared_memory": 0, "cuda_launch_times": [0.932614389, 0.932659029, 1.432661549], "block_times": [0.932672836,1.432675697,0.932672836,1.432675729,0.932672836,1.432675729,0.932672868,1.432675761,0.932672836,1.432675729,0.932672836,1.432675729,0.932672836,1.432675729,0.932672836,1.432675697,0.932672836,1.432675761,0.932672868,1.432675761,0.932672836,1.432675729,0.932672804,1.432675665,0.932672836,1.432675729,0.932672804,1.432675697,0.932672836,1.432675697,0.932672868,1.432675761], "block_smids": [16,18,20,22,24,26,28,30,32,34,36,38,40,42,44,46], "cpu_core": 2}
]}