{
"scenario_name": "Experiment 1",
"benchmark_name": "Multi-kernel submission",
"label": "K1 through K2",
"max_resident_threads": 163840,
"data_size": 0,
"release_time": 0.000000,
"PID": 46362,
"TID": 46407,
"times": [{},
{"copy_in_times": [0.711150376,0.711151092], "execute_times": [0.711151748,2.711187542], "copy_out_times": [2.711199464,2.711282134], "cpu_times": [0.711150376,2.711282134]},
{"kernel_name": "K1", "block_count": 32, "thread_count": 1, "shared_memory": 0, "cuda_launch_times": [0.711152531, 0.711181159, 0.000000000], "block_times": [0.711193910,1.711197965,0.711193878,1.711197901,0.711193878,1.711197901,0.711193910,1.711197933,0.711193878,1.711197933,0.711193878,1.711197933,0.711193910,1.711197965,0.711193878,1.711197965,0.711193910,1.711197965,0.711193910,1.711197933,0.711193878,1.711197933,0.711193910,1.711197965,0.711193910,1.711197933,0.711193878,1.711197965,0.711193910,1.711197965,0.711193910,1.711197933,0.711193878,1.711197901,0.711193910,1.711197965,0.711193910,1.711197933,0.711193878,1.711197901,0.711193878,1.711197933,0.711193910,1.711197965,0.711193878,1.711197933,0.711193878,1.711197965,0.711193910,1.711197933,0.711193878,1.711197933,0.711193910,1.711197933,0.711193910,1.711197965,0.711193878,1.711197933,0.711193910,1.711197965,0.711193910,1.711197965,0.711193878,1.711197933], "block_smids": [0,2,4,6,8,10,12,14,16,18,20,22,24,26,28,30,32,34,36,38,40,42,44,46,48,50,52,54,56,58,60,62], "cpu_core": 1},
{"kernel_name": "K2", "block_count": 32, "thread_count": 1, "shared_memory": 0, "cuda_launch_times": [0.711181906, 0.711188895, 0.000000000], "block_times": [1.711199597,2.711203620,1.711199565,2.711203620,1.711199597,2.711203652,1.711199597,2.711203620,1.711199565,2.711203620,1.711199565,2.711203652,1.711199597,2.711203684,1.711199565,2.711203620,1.711199597,2.711203652,1.711199597,2.711203652,1.711199565,2.711203588,1.711199597,2.711203652,1.711199597,2.711203652,1.711199565,2.711203620,1.711199597,2.711203652,1.711199597,2.711203684,1.711199565,2.711203588,1.711199597,2.711203620,1.711199597,2.711203652,1.711199565,2.711203620,1.711199597,2.711203652,1.711199597,2.711203652,1.711199565,2.711203620,1.711199565,2.711203620,1.711199597,2.711203620,1.711199565,2.711203588,1.711199597,2.711203652,1.711199597,2.711203652,1.711199565,2.711203620,1.711199597,2.711203652,1.711199597,2.711203652,1.711199565,2.711203588], "block_smids": [0,2,4,6,8,10,12,14,16,18,20,22,24,26,28,30,32,34,36,38,40,42,44,46,48,50,52,54,56,58,60,62], "cpu_core": 1}
]}