{
"scenario_name": "Titan V primary queue/stream test",
"benchmark_name": "Multi-kernel submission",
"label": "K1 and K3",
"max_resident_threads": 163840,
"data_size": 0,
"release_time": 0.000000,
"PID": 21940,
"TID": 21973,
"times": [{},
{"copy_in_times": [0.629081486,0.629082972], "execute_times": [0.629084412,2.129153045], "copy_out_times": [2.129153697,2.129190957], "cpu_times": [0.629081486,2.129190957]},
{"kernel_name": "K1", "block_count": 161, "thread_count": 768, "shared_memory": 0, "cuda_launch_times": [0.629086180, 0.629143584, 0.000000000], "block_times": [0.629168494,1.129182366,0.629168462,1.129182270,0.629168526,1.129182366,0.629168462,1.129182430,0.629168494,1.129182334,0.629168462,1.129182430,0.629168494,1.129182334,0.629168494,1.129182334,0.629168526,1.129182366,0.629168494,1.129182462,0.629168494,1.129182366,0.629168494,1.129182430,0.629168494,1.129182366,0.629168494,1.129182334,0.629168526,1.129182366,0.629168526,1.129182462,0.629168494,1.129182302,0.629168462,1.129182462,0.629168494,1.129182334,0.629168462,1.129182302,0.629168494,1.129182334,0.629168462,1.129182462,0.629168462,1.129182302,0.629168430,1.129182398,0.629168494,1.129182302,0.629168462,1.129182302,0.629168494,1.129182334,0.629168494,1.129182430,0.629168494,1.129182302,0.629168462,1.129182430,0.629168494,1.129182366,0.629168494,1.129182334,0.629168494,1.129182366,0.629168494,1.129182494,0.629168462,1.129182334,0.629168494,1.129182302,0.629168462,1.129182302,0.629168462,1.129182302,0.629168494,1.129182462,0.629168462,1.129182462,0.629168526,1.129182334,0.629168494,1.129182302,0.629168526,1.129182366,0.629168494,1.129182462,0.629168494,1.129182302,0.629168494,1.129182430,0.629168526,1.129182366,0.629168526,1.129182366,0.629168526,1.129182366,0.629168526,1.129182494,0.629168526,1.129182334,0.629168494,1.129182462,0.629168526,1.129182366,0.629168526,1.129182366,0.629168526,1.129182366,0.629168526,1.129182526,0.629168526,1.129182366,0.629168494,1.129182494,0.629168494,1.129182334,0.629168494,1.129182366,0.629168526,1.129182398,0.629168526,1.129182494,0.629168430,1.129182238,0.629168430,1.129182366,0.629168494,1.129182334,0.629168494,1.129182334,0.629168526,1.129182398,0.629168526,1.129182494,0.629168494,1.129182334,0.629168494,1.129182494,0.629168494,1.129182334,0.629168526,1.129182366,0.629168526,1.129182366,0.629168526,1.129182494,0.629168430,1.129182302,0.629168526,1.129182366,0.629168462,1.129182334,0.629168494,1.129182366,0.629168526,1.129182494,0.629168494,1.129182462,0.629168494,1.129182398,0.629168494,1.129182334,0.629168494,1.129182366,0.629168494,1.129182334,0.629168494,1.129182398,0.629168462,1.129182270,0.629168494,1.129182398,0.629168526,1.129182430,0.629168526,1.129182430,0.629168526,1.129182366,0.629168526,1.129182398,0.629168494,1.129182334,0.629168494,1.129182430,0.629168494,1.129182398,0.629168526,1.129182366,0.629168526,1.129182334,0.629168494,1.129182430,0.629168494,1.129182302,0.629168494,1.129182366,0.629168494,1.129182398,0.629168494,1.129182366,0.629168526,1.129182334,0.629168494,1.129182398,0.629168494,1.129182334,0.629168526,1.129182430,0.629168526,1.129182430,0.629168558,1.129182430,0.629168526,1.129182366,0.629168526,1.129182398,0.629168494,1.129182302,0.629168526,1.129182398,0.629168494,1.129182366,0.629168558,1.129182430,0.629168494,1.129182334,0.629168494,1.129182366,0.629168526,1.129182398,0.629168526,1.129182398,0.629168558,1.129182462,0.629168526,1.129182398,0.629168526,1.129182366,0.629168526,1.129182430,0.629168494,1.129182366,0.629168558,1.129182462,0.629168494,1.129182334,0.629168526,1.129182430,0.629168494,1.129182366,0.629168558,1.129182430,0.629168526,1.129182398,0.629168558,1.129182462,0.629168558,1.129182366,0.629168558,1.129182430,0.629168526,1.129182398,0.629168558,1.129182398,0.629168558,1.129182462,0.629168558,1.129182430,0.629168558,1.129182398,0.629168558,1.129182462,0.629168526,1.129182334,0.629168526,1.129182366,0.629168494,1.129182398,0.629168526,1.129182398,0.629168494,1.129182302,0.629168526,1.129182430,0.629168494,1.129182334,0.629168526,1.129182398,0.629168494,1.129182398,0.629168558,1.129182462,0.629168526,1.129182334,0.629168526,1.129182398,0.629168494,1.129182302,0.629168494,1.129182398,0.629168558,1.129182430,0.629168526,1.129182398,0.629168558,1.129182398,0.629168494,1.129182366,0.629168526,1.129182430,0.629168526,1.129182366,0.629168494,1.129182366,0.629168526,1.129182366,0.629168494,1.129182302,1.129182526,1.629196398], "block_smids": [0,2,4,6,8,10,12,14,16,18,20,22,24,26,28,30,32,34,36,38,40,42,44,46,48,50,52,54,56,58,60,62,64,66,68,70,72,74,76,78,1,3,5,7,9,11,13,15,17,19,21,23,25,27,29,31,33,35,37,39,41,43,45,47,49,51,53,55,57,59,61,63,65,67,69,71,73,75,77,79,0,2,4,6,8,10,12,14,16,18,20,22,24,26,28,30,32,34,36,38,40,42,44,46,48,50,52,54,56,58,60,62,64,66,68,70,72,74,76,78,1,3,5,7,9,11,13,15,17,19,21,23,25,27,29,31,33,35,37,39,41,43,45,47,49,51,53,55,57,59,61,63,65,67,69,71,73,75,77,79,44], "cpu_core": 1},
{"kernel_name": "K3", "block_count": 1, "thread_count": 256, "shared_memory": 0, "cuda_launch_times": [0.629145174, 0.629159486, 0.000000000], "block_times": [1.629197966,2.129211774], "block_smids": [0], "cpu_core": 1}
]}