{
"scenario_name": "Simple Volta MPS Test",
"benchmark_name": "Timer Spin",
"label": "K1",
"max_resident_threads": 163840,
"data_size": 0,
"release_time": 0.100000,
"PID": 22019,
"times": [{},
{"copy_in_times": [1.042989721,1.042991670], "execute_times": [1.042993116,1.544565541], "copy_out_times": [1.544566261,1.544598521], "cpu_times": [1.042989721,1.544598521]},
{"kernel_name": "GPUSpin", "block_count": 160, "thread_count": 1024, "shared_memory": 0, "cuda_launch_times": [1.042994984, 1.043050028, 1.544564617], "block_times": [1.043066381,1.544575086,1.043066349,1.544574830,1.043066381,1.544576238,1.043066349,1.544574638,1.043066349,1.544575470,1.043066317,1.544574990,1.043066381,1.544575566,1.043066381,1.544573934,1.043066413,1.544576174,1.043066381,1.544575342,1.043066381,1.544576270,1.043066349,1.544575790,1.043066381,1.544575822,1.043066413,1.544575502,1.043066413,1.544576078,1.043066413,1.544575342,1.043066381,1.544575342,1.043066381,1.544573966,1.043066349,1.544573934,1.043066381,1.544575822,1.043066381,1.544574606,1.043066381,1.544574766,1.043066349,1.544575310,1.043066317,1.544575534,1.043066381,1.544574926,1.043066381,1.544575758,1.043066413,1.544575662,1.043066381,1.544575598,1.043066381,1.544576014,1.043066349,1.544574606,1.043066381,1.544573966,1.043066381,1.544574862,1.043066413,1.544574414,1.043066413,1.544575150,1.043066349,1.544576110,1.043066381,1.544576654,1.043066381,1.544575630,1.043066381,1.544575598,1.043066381,1.544575662,1.043066349,1.544575246,1.043066381,1.544576078,1.043066381,1.544575566,1.043066413,1.544575854,1.043066381,1.544573934,1.043066381,1.544576846,1.043066349,1.544575758,1.043066413,1.544575950,1.043066413,1.544576430,1.043066445,1.544575054,1.043066413,1.544574318,1.043066413,1.544576110,1.043066381,1.544575438,1.043066413,1.544575886,1.043066413,1.544575182,1.043066445,1.544575694,1.043066413,1.544576174,1.043066413,1.544575438,1.043066381,1.544574734,1.043066381,1.544576174,1.043066381,1.544573934,1.043066413,1.544575982,1.043066381,1.544575854,1.043066349,1.544576558,1.043066317,1.544574702,1.043066413,1.544576046,1.043066413,1.544574030,1.043066413,1.544576366,1.043066413,1.544573934,1.043066381,1.544575214,1.043066381,1.544575406,1.043066413,1.544575566,1.043066413,1.544575022,1.043066413,1.544574414,1.043066413,1.544574670,1.043066317,1.544576238,1.043066381,1.544576078,1.043066317,1.544574446,1.043066381,1.544574958,1.043066413,1.544575438,1.043066381,1.544574158,1.043066413,1.544575214,1.043066413,1.544574926,1.043066445,1.544576366,1.043066413,1.544574766,1.043066413,1.544575566,1.043066381,1.544575054,1.043066445,1.544575694,1.043066445,1.544574030,1.043066477,1.544576270,1.043066445,1.544575470,1.043066445,1.544576398,1.043066413,1.544575918,1.043066445,1.544575918,1.043066445,1.544575630,1.043066477,1.544576174,1.043066445,1.544575470,1.043066445,1.544575438,1.043066413,1.544574030,1.043066413,1.544573870,1.043066445,1.544575950,1.043066445,1.544574734,1.043066445,1.544574958,1.043066413,1.544575406,1.043066381,1.544575630,1.043066413,1.544575054,1.043066413,1.544575854,1.043066445,1.544575758,1.043066413,1.544575694,1.043066413,1.544576142,1.043066381,1.544574702,1.043066445,1.544574030,1.043066445,1.544574926,1.043066445,1.544574478,1.043066445,1.544575342,1.043066413,1.544576174,1.043066413,1.544576750,1.043066445,1.544575694,1.043066445,1.544575694,1.043066413,1.544575758,1.043066413,1.544575406,1.043066381,1.544576206,1.043066381,1.544575694,1.043066413,1.544575950,1.043066413,1.544574030,1.043066413,1.544577006,1.043066381,1.544575886,1.043066381,1.544576046,1.043066445,1.544576526,1.043066413,1.544575150,1.043066445,1.544574414,1.043066445,1.544576206,1.043066413,1.544575534,1.043066413,1.544575950,1.043066413,1.544575278,1.043066413,1.544575790,1.043066413,1.544576302,1.043066413,1.544575534,1.043066381,1.544574830,1.043066381,1.544576302,1.043066413,1.544574030,1.043066413,1.544576110,1.043066413,1.544575982,1.043066413,1.544576654,1.043066381,1.544574798,1.043066445,1.544576142,1.043066445,1.544574126,1.043066445,1.544576430,1.043066445,1.544574030,1.043066445,1.544575374,1.043066413,1.544575534,1.043066445,1.544575694,1.043066445,1.544575150,1.043066477,1.544574510,1.043066445,1.544574766,1.043066413,1.544576302,1.043066445,1.544576174,1.043066445,1.544574542,1.043066445,1.544575054,1.043066445,1.544575566,1.043066413,1.544574254], "block_smids": [0,2,4,6,8,10,12,14,16,18,20,22,24,26,28,30,32,34,36,38,40,42,44,46,48,50,52,54,56,58,60,62,64,66,68,70,72,74,76,78,1,3,5,7,9,11,13,15,17,19,21,23,25,27,29,31,33,35,37,39,41,43,45,47,49,51,53,55,57,59,61,63,65,67,69,71,73,75,77,79,0,2,4,6,8,10,12,14,16,18,20,22,24,26,28,30,32,34,36,38,40,42,44,46,48,50,52,54,56,58,60,62,64,66,68,70,72,74,76,78,1,3,5,7,9,11,13,15,17,19,21,23,25,27,29,31,33,35,37,39,41,43,45,47,49,51,53,55,57,59,61,63,65,67,69,71,73,75,77,79], "cpu_core": 1}
]}