{
"scenario_name": "Simple Volta MPS Test",
"benchmark_name": "Timer Spin",
"label": "K2",
"max_resident_threads": 163840,
"data_size": 0,
"release_time": 0.200000,
"PID": 22020,
"times": [{},
{"copy_in_times": [1.142968914,1.142970900], "execute_times": [1.142972426,1.643264165], "copy_out_times": [1.643264869,1.643291229], "cpu_times": [1.142968914,1.643291229]},
{"kernel_name": "GPUSpin", "block_count": 160, "thread_count": 1024, "shared_memory": 0, "cuda_launch_times": [1.142974266, 1.143019065, 1.643263348], "block_times": [1.143274509,1.643277158,1.143274445,1.643277094,1.143274509,1.643277222,1.143274477,1.643277318,1.143274477,1.643277126,1.143274445,1.643277094,1.143274509,1.643277158,1.143274509,1.643277158,1.143274541,1.643277190,1.143274509,1.643277382,1.143274509,1.643277158,1.143274477,1.643277126,1.143274509,1.643277158,1.143274509,1.643277158,1.143274541,1.643277190,1.143274541,1.643277382,1.143274509,1.643277190,1.143274477,1.643277158,1.143274477,1.643277158,1.143274477,1.643277126,1.143274509,1.643277158,1.143274477,1.643277382,1.143274477,1.643277158,1.143274445,1.643277094,1.143274509,1.643277158,1.143274509,1.643277158,1.143274509,1.643277190,1.143274509,1.643277382,1.143274509,1.643277190,1.143274477,1.643277126,1.143274509,1.643277190,1.143274509,1.643277190,1.143274541,1.643277222,1.143274509,1.643277414,1.143274477,1.643277094,1.143274477,1.643277158,1.143274477,1.643277158,1.143274509,1.643277158,1.143274509,1.643277382,1.143274477,1.643277158,1.143274509,1.643277190,1.143274477,1.643277158,1.143274541,1.643277254,1.143274477,1.643277350,1.143274509,1.643277190,1.143274477,1.643277158,1.143274541,1.643277222,1.143274509,1.643277158,1.143274541,1.643277254,1.143274541,1.643277446,1.143274509,1.643277190,1.143274509,1.643277190,1.143274541,1.643277190,1.143274541,1.643277190,1.143274541,1.643277222,1.143274541,1.643277446,1.143274541,1.643277222,1.143274509,1.643277190,1.143274509,1.643277158,1.143274509,1.643277190,1.143274509,1.643277190,1.143274509,1.643277350,1.143274477,1.643277158,1.143274477,1.643277126,1.143274509,1.643277158,1.143274509,1.643277190,1.143274541,1.643277190,1.143274541,1.643277414,1.143274509,1.643277158,1.143274509,1.643277158,1.143274541,1.643277222,1.143274541,1.643277158,1.143274541,1.643277222,1.143274541,1.643277382,1.143274445,1.643277126,1.143274509,1.643277158,1.143274445,1.643277126,1.143274509,1.643277158,1.143274509,1.643277414,1.143274509,1.643277158,1.143274541,1.643277254,1.143274509,1.643277222,1.143274541,1.643277286,1.143274541,1.643277190,1.143274541,1.643277286,1.143274509,1.643277222,1.143274573,1.643277254,1.143274541,1.643277254,1.143274573,1.643277286,1.143274541,1.643277222,1.143274573,1.643277286,1.143274541,1.643277254,1.143274573,1.643277318,1.143274573,1.643277286,1.143274605,1.643277318,1.143274573,1.643277222,1.143274573,1.643277286,1.143274541,1.643277254,1.143274541,1.643277222,1.143274541,1.643277222,1.143274541,1.643277254,1.143274541,1.643277222,1.143274541,1.643277254,1.143274509,1.643277190,1.143274541,1.643277254,1.143274509,1.643277254,1.143274573,1.643277286,1.143274541,1.643277222,1.143274541,1.643277254,1.143274509,1.643277190,1.143274541,1.643277286,1.143274541,1.643277286,1.143274573,1.643277286,1.143274573,1.643277222,1.143274541,1.643277222,1.143274509,1.643277190,1.143274541,1.643277254,1.143274541,1.643277286,1.143274541,1.643277158,1.143274541,1.643277254,1.143274509,1.643277254,1.143274509,1.643277254,1.143274541,1.643277254,1.143274509,1.643277190,1.143274509,1.643277222,1.143274509,1.643277158,1.143274509,1.643277190,1.143274541,1.643277286,1.143274541,1.643277254,1.143274573,1.643277222,1.143274573,1.643277318,1.143274541,1.643277286,1.143274541,1.643277222,1.143274541,1.643277222,1.143274541,1.643277318,1.143274541,1.643277190,1.143274541,1.643277254,1.143274509,1.643277190,1.143274509,1.643277222,1.143274541,1.643277254,1.143274541,1.643277222,1.143274541,1.643277222,1.143274541,1.643277222,1.143274509,1.643277254,1.143274573,1.643277318,1.143274541,1.643277254,1.143274573,1.643277286,1.143274573,1.643277222,1.143274573,1.643277254,1.143274541,1.643277254,1.143274573,1.643277318,1.143274573,1.643277254,1.143274573,1.643277318,1.143274573,1.643277254,1.143274541,1.643277222,1.143274541,1.643277222,1.143274541,1.643277254,1.143274573,1.643277286,1.143274541,1.643277190,1.143274541,1.643277286], "block_smids": [0,2,4,6,8,10,12,14,16,18,20,22,24,26,28,30,32,34,36,38,40,42,44,46,48,50,52,54,56,58,60,62,64,66,68,70,72,74,76,78,1,3,5,7,9,11,13,15,17,19,21,23,25,27,29,31,33,35,37,39,41,43,45,47,49,51,53,55,57,59,61,63,65,67,69,71,73,75,77,79,0,2,4,6,8,10,12,14,16,18,20,22,24,26,28,30,32,34,36,38,40,42,44,46,48,50,52,54,56,58,60,62,64,66,68,70,72,74,76,78,1,3,5,7,9,11,13,15,17,19,21,23,25,27,29,31,33,35,37,39,41,43,45,47,49,51,53,55,57,59,61,63,65,67,69,71,73,75,77,79], "cpu_core": 2}
]}